"id","topic_id","content","created","author_id"
1,1,"Разбивка данной  темы производится по модели двигателя.<br><span style=""color: #FF4040""><span style=""font-weight: bold"">ОБРАТИТЕ ВНИМАНИЕ</span></span> на то, что на многих двигателях проблемы схожи. Поэтому имея во владении JZ просмотрите и другие темы (например серия G или UZ), не относящиеся именно к Вашему мотору.<br><span style=""color: #FF0000"">НЕ НУЖНО СОЗДАВАТЬ ТЕМЫ_ДУБЛИ</span>...кОи будут нещадно удаляться, не смотря на количество ответивших<br><br>Ну и <span style=""font-weight: bold"">в преддверии зимнего периода</span>, наверно самые актуальные темы (для всех моторов)<br><a href=""http://www.crown-club.ru/forum/viewtopic.php?f=4&amp;t=18330&amp;p=305212&amp;hilit=+%D0%B7%D0%B0%D0%B2%D0%BE%D0%B4%D0%B8%D1%82%D1%81%D1%8F#p305212"" class=""postlink"">Запуск замёршего...</a><br><a href=""http://www.crown-club.ru/forum/viewtopic.php?f=4&amp;t=11875&amp;hilit=+%D0%B7%D0%B0%D0%B2%D0%BE%D0%B4%D0%B8%D1%82%D1%81%D1%8F"" class=""postlink"">Утренний запуск</a><br><a href=""http://www.crown-club.ru/forum/viewtopic.php?f=4&amp;t=9041&amp;hilit=+%D0%B7%D0%B0%D0%B2%D0%BE%D0%B4%D0%B8%D1%82%D1%81%D1%8F"" class=""postlink"">SOS! Замерз!!!</a><br><br><br><span style=""font-size: 150%; line-height: 116%;"">G</span><br><a href=""http://www.crown-club.ru/forum/viewtopic.php?f=4&amp;t=6748&amp;hilit=+%D0%B7%D0%B0%D0%B2%D0%BE%D0%B4%D0%B8%D1%82%D1%81%D1%8F"" class=""postlink"">плохо заводится 1GFE</a><br><a href=""http://www.crown-club.ru/forum/viewtopic.php?f=4&amp;t=17870&amp;p=291923&amp;hilit=+%D0%B7%D0%B0%D0%B2%D0%BE%D0%B4%D0%B8%D1%82%D1%81%D1%8F#p291923"" class=""postlink"">Заводиться рывками после ночной стоянки</a><br><a href=""http://www.crown-club.ru/forum/viewtopic.php?f=4&amp;t=20589&amp;hilit=+%D0%B7%D0%B0%D0%B2%D0%BE%D0%B4%D0%B8%D1%82%D1%81%D1%8F"" class=""postlink"">Плохо заводится 1G-FE!</a><br><a href=""http://www.crown-club.ru/forum/viewtopic.php?f=4&amp;t=18729&amp;p=309362&amp;hilit=+%D0%B7%D0%B0%D0%B2%D0%BE%D0%B4%D0%B8%D1%82%D1%81%D1%8F#p309362"" class=""postlink"">1G-FE - не работает, как отрезало...</a><br><a href=""http://www.crown-club.ru/forum/viewtopic.php?f=4&amp;t=16300&amp;hilit=%D0%B7%D0%B0%D0%B2%D0%BE%D0%B4%D0%B8%D1%82%D1%81%D1%8F"" class=""postlink"">Двигатель не заводится!</a><br><a href=""http://www.crown-club.ru/forum/viewtopic.php?f=4&amp;t=22534&amp;hilit=%D0%BD%D0%B5+%D0%B7%D0%B0%D0%B2%D0%BE%D0%B4%D0%B8%D1%82%D1%81%D1%8F"" class=""postlink"">Не заводится 1G-FE после замены прокладки трамблёра.</a><br><a href=""http://www.crown-club.ru/forum/viewtopic.php?f=4&amp;t=8209&amp;hilit=+%D0%B7%D0%B0%D0%B2%D0%BE%D0%B4%D0%B8%D1%82%D1%81%D1%8F"" class=""postlink"">на горячую не завелся</a><br><a href=""http://www.crown-club.ru/forum/viewtopic.php?f=4&amp;t=9148&amp;hilit=+%D0%B7%D0%B0%D0%B2%D0%BE%D0%B4%D0%B8%D1%82%D1%81%D1%8F"" class=""postlink"">Не заводится 1G-GZE (крутит вяло, быстро садит акк).</a><br><a href=""http://www.crown-club.ru/forum/viewtopic.php?f=4&amp;t=21626&amp;hilit=+%D0%B7%D0%B0%D0%B2%D0%BE%D0%B4%D0%B8%D1%82%D1%81%D1%8F"" class=""postlink"">1G-GZEU не заводится, что делать,где копаться?</a><br><a href=""http://www.crown-club.ru/forum/viewtopic.php?f=4&amp;t=16138&amp;hilit=%D0%B7%D0%B0%D0%B2%D0%BE%D0%B4%D0%B8%D1%82%D1%81%D1%8F"" class=""postlink"">Датчик положения распредвала 1G-GZE</a><br><a href=""http://www.crown-club.ru/forum/viewtopic.php?f=4&amp;t=21324&amp;start=0&amp;hilit=%D0%B7%D0%B0%D0%B2%D0%BE%D0%B4%D0%B8%D1%82%D1%81%D1%8F"" class=""postlink"">заглохла на ходу и больше не заводится</a><br><a href=""http://www.crown-club.ru/forum/viewtopic.php?f=4&amp;t=21522&amp;hilit=%D0%B7%D0%B0%D0%B2%D0%BE%D0%B4%D0%B8%D1%82%D1%81%D1%8F"" class=""postlink"">Ребята,прошу помощи, плохо заводится</a><br><a href=""http://www.crown-club.ru/forum/viewtopic.php?f=4&amp;t=11734&amp;hilit=+%D0%B7%D0%B0%D0%B2%D0%BE%D0%B4%D0%B8%D1%82%D1%81%D1%8F"" class=""postlink"">Не работает стартер</a><br><a href=""http://www.crown-club.ru/forum/viewtopic.php?f=4&amp;t=19181&amp;hilit=+%D0%B7%D0%B0%D0%B2%D0%BE%D0%B4%D0%B8%D1%82%D1%81%D1%8F"" class=""postlink"">Не могу завести 1g-ge</a><br><a href=""http://www.crown-club.ru/forum/viewtopic.php?f=4&amp;t=15981&amp;hilit=+%D0%B7%D0%B0%D0%B2%D0%BE%D0%B4%D0%B8%D1%82%D1%81%D1%8F"" class=""postlink"">Нужны советы по 1GGZE !!!</a><br><a href=""http://www.crown-club.ru/forum/viewtopic.php?f=4&amp;t=12974&amp;hilit=+%D0%B7%D0%B0%D0%B2%D0%BE%D0%B4%D0%B8%D1%82%D1%81%D1%8F"" class=""postlink"">Двигатель 1g-eu (не заводится)</a><br><a href=""http://www.crown-club.ru/forum/viewtopic.php?f=4&amp;t=13741&amp;hilit=+%D0%B7%D0%B0%D0%B2%D0%BE%D0%B4%D0%B8%D1%82%D1%81%D1%8F"" class=""postlink"">не заводится и даже не схватывает ! помогите !</a><br><a href=""http://www.crown-club.ru/forum/viewtopic.php?f=4&amp;t=9718&amp;hilit=+%D0%B7%D0%B0%D0%B2%D0%BE%D0%B4%D0%B8%D1%82%D1%81%D1%8F"" class=""postlink"">Видимо, сломался двигатель 1G на Crown 151 1996г.в</a><br><br><br><span style=""font-size: 150%; line-height: 116%;"">JZ</span><br><a href=""http://www.crown-club.ru/forum/viewtopic.php?f=4&amp;t=12309&amp;hilit=+%D0%B7%D0%B0%D0%B2%D0%BE%D0%B4%D0%B8%D1%82%D1%81%D1%8F"" class=""postlink"">Проблема завести двигатель с утра после дождя.</a><br><a href=""http://www.crown-club.ru/forum/viewtopic.php?f=4&amp;t=14064&amp;hilit=+%D0%B7%D0%B0%D0%B2%D0%BE%D0%B4%D0%B8%D1%82%D1%81%D1%8F"" class=""postlink"">1jzGE отказывается заводится.</a><br><a href=""http://www.crown-club.ru/forum/viewtopic.php?f=4&amp;t=15355&amp;hilit=%D0%BD%D0%B5+%D0%B7%D0%B0%D0%B2%D0%BE%D0%B4%D0%B8%D1%82%D1%81%D1%8F"" class=""postlink"">Плохо заводится на ГОРЯЧУЮ! На холодную все в норме.</a><br><a href=""http://www.crown-club.ru/forum/viewtopic.php?f=4&amp;t=9506&amp;hilit=+%D0%B7%D0%B0%D0%B2%D0%BE%D0%B4%D0%B8%D1%82%D1%81%D1%8F"" class=""postlink"">1JZ-GE VVTI Проблема холодного пуска</a><br><a href=""http://www.crown-club.ru/forum/viewtopic.php?f=4&amp;t=19211&amp;hilit=+%D0%B7%D0%B0%D0%B2%D0%BE%D0%B4%D0%B8%D1%82%D1%81%D1%8F"" class=""postlink"">Трабл запуска 1JZ вроде как ошибка №14</a><br><a href=""http://www.crown-club.ru/forum/viewtopic.php?f=4&amp;t=22420&amp;hilit=+%D0%B7%D0%B0%D0%B2%D0%BE%D0%B4%D0%B8%D1%82%D1%81%D1%8F"" class=""postlink"">1JZ FSE не заводится</a><br><a href=""http://www.crown-club.ru/forum/viewtopic.php?f=4&amp;t=22019&amp;p=368292&amp;hilit=+%D0%B7%D0%B0%D0%B2%D0%BE%D0%B4%D0%B8%D1%82%D1%81%D1%8F#p368292"" class=""postlink"">Не заводится мозги полетели.</a><br><a href=""http://www.crown-club.ru/forum/viewtopic.php?f=4&amp;t=21931&amp;p=367920&amp;hilit=+%D0%B7%D0%B0%D0%B2%D0%BE%D0%B4%D0%B8%D1%82%D1%81%D1%8F#p367920"" class=""postlink"">2JZ-FSE (D4) На холодную заводится, на горячую с 4-го раза!?</a><br><a href=""http://www.crown-club.ru/forum/viewtopic.php?f=4&amp;t=14944&amp;p=243348&amp;hilit=+%D0%B7%D0%B0%D0%B2%D0%BE%D0%B4%D0%B8%D1%82%D1%81%D1%8F#p243348"" class=""postlink"">Не заводится иногда - в.в.провода, катушка, датчики или что?</a><br><a href=""http://www.crown-club.ru/forum/viewtopic.php?f=4&amp;t=13482&amp;hilit=%D0%B7%D0%B0%D0%B2%D0%BE%D0%B4%D0%B8%D1%82%D1%81%D1%8F"" class=""postlink"">Не заводится HELP</a><br><a href=""http://www.crown-club.ru/forum/viewtopic.php?f=4&amp;t=17797&amp;p=287582#p287582"" class=""postlink"">Глохнет двигатель 1JZ-GE</a><br><a href=""http://www.crown-club.ru/forum/viewtopic.php?f=4&amp;t=17998&amp;p=291340&amp;hilit=+%D0%B7%D0%B0%D0%B2%D0%BE%D0%B4%D0%B8%D1%82%D1%81%D1%8F#p291340"" class=""postlink"">1JZ GE не заводится,заливает свечи</a><br><a href=""http://www.crown-club.ru/forum/viewtopic.php?f=4&amp;t=20028&amp;hilit=+%D0%B7%D0%B0%D0%B2%D0%BE%D0%B4%D0%B8%D1%82%D1%81%D1%8F"" class=""postlink"">Проблемы с двигателем 1JZ-GE</a><br><a href=""http://www.crown-club.ru/forum/viewtopic.php?f=4&amp;t=19258&amp;hilit=+%D0%B7%D0%B0%D0%B2%D0%BE%D0%B4%D0%B8%D1%82%D1%81%D1%8F"" class=""postlink"">Не заводится в -10</a><br><a href=""http://www.crown-club.ru/forum/viewtopic.php?f=4&amp;t=18755&amp;hilit=+%D0%B7%D0%B0%D0%B2%D0%BE%D0%B4%D0%B8%D1%82%D1%81%D1%8F"" class=""postlink"">Нет искры на JZ-GE</a><br><a href=""http://www.crown-club.ru/forum/viewtopic.php?f=4&amp;t=19305&amp;p=322074&amp;hilit=+%D0%B7%D0%B0%D0%B2%D0%BE%D0%B4%D0%B8%D1%82%D1%81%D1%8F#p322074"" class=""postlink"">Богатит, плохо заводится 1jz-fse</a><br><a href=""http://www.crown-club.ru/forum/viewtopic.php?f=4&amp;t=16605&amp;p=268628&amp;hilit=+%D0%B7%D0%B0%D0%B2%D0%BE%D0%B4%D0%B8%D1%82%D1%81%D1%8F#p268628"" class=""postlink"">Странно глохнет</a><br><a href=""http://www.crown-club.ru/forum/viewtopic.php?f=4&amp;t=16176&amp;p=262132&amp;hilit=+%D0%B7%D0%B0%D0%B2%D0%BE%D0%B4%D0%B8%D1%82%D1%81%D1%8F#p262132"" class=""postlink"">Не заводится мой Крауняга</a><br><br><br><span style=""font-size: 150%; line-height: 116%;"">UZ</span><br><a href=""http://www.crown-club.ru/forum/viewtopic.php?f=4&amp;t=5185&amp;hilit=%D0%B7%D0%B0%D0%B2%D0%BE%D0%B4%D0%B8%D1%82%D1%81%D1%8F"" class=""postlink"">Проблемы с 1 UZ</a><br><a href=""http://www.crown-club.ru/forum/viewtopic.php?f=4&amp;t=22171&amp;p=372553&amp;hilit=+%D0%B7%D0%B0%D0%B2%D0%BE%D0%B4%D0%B8%D1%82%D1%81%D1%8F#p372553"" class=""postlink"">1uz-fe плавающая проблема</a><br><a href=""http://www.crown-club.ru/forum/viewtopic.php?f=4&amp;t=20866&amp;hilit=+%D0%B7%D0%B0%D0%B2%D0%BE%D0%B4%D0%B8%D1%82%D1%81%D1%8F"" class=""postlink"">Срочно В номер! не завелся двигатель!</a><br><a href=""http://www.crown-club.ru/forum/viewtopic.php?f=4&amp;t=19216&amp;hilit=+%D0%B7%D0%B0%D0%B2%D0%BE%D0%B4%D0%B8%D1%82%D1%81%D1%8F"" class=""postlink"">Помогите. Ошибка EFI 14 на UZS141</a><br><a href=""http://www.crown-club.ru/forum/viewtopic.php?f=4&amp;t=15742&amp;hilit=+%D0%B7%D0%B0%D0%B2%D0%BE%D0%B4%D0%B8%D1%82%D1%81%D1%8F"" class=""postlink"">Проблема с запуском 1UZ</a><br><br><span style=""font-size: 150%; line-height: 116%;"">M</span><br><a href=""http://www.crown-club.ru/forum/viewtopic.php?f=4&amp;t=19352&amp;p=323099&amp;hilit=+%D0%B7%D0%B0%D0%B2%D0%BE%D0%B4%D0%B8%D1%82%D1%81%D1%8F#p323099"" class=""postlink"">Двигатель тяжело заводится</a><br><a href=""http://www.crown-club.ru/forum/viewtopic.php?f=4&amp;t=20337&amp;hilit=+%D0%B7%D0%B0%D0%B2%D0%BE%D0%B4%D0%B8%D1%82%D1%81%D1%8F"" class=""postlink"">Холодный пуск M-TEU.вопрос</a><br><a href=""http://www.crown-club.ru/forum/viewtopic.php?f=4&amp;t=17259&amp;hilit=+%D0%B7%D0%B0%D0%B2%D0%BE%D0%B4%D0%B8%D1%82%D1%81%D1%8F"" class=""postlink"">Не заводится 5М-Е</a><br><br><span style=""font-size: 150%; line-height: 116%;"">L</span><br><a href=""http://www.crown-club.ru/forum/viewtopic.php?f=4&amp;t=19111&amp;hilit=+%D0%B7%D0%B0%D0%B2%D0%BE%D0%B4%D0%B8%D1%82%D1%81%D1%8F"" class=""postlink"">Помогите с 2L-THE</a>
",2011-09-21 07:29:56.000,3
2,1,"Всем ПРЭВЭТ!!! Сразу извиняюсь, если не туда.................Подскажите, куда смотреть................ Вчера днем завел машину, стоял ждал жену с работающим двигателем, минуты через три, двигатель ни с того, ни сего - ЗАГЛОХ!!!!!!! Думаю, приплыли. Завожу завелся, все нормально. Пол часика покатался и домой. <img src=""./images/smilies/patsak.gif"" alt="":ku:"" title=""Patsak Ku""><br>Сегодня утром завожу, начинает троить и глохнет. Второй раз- завелся, но как то неуверенно и прогревочные обороты низкие.Проработав минуты две, ЗАГЛОХ!!!!! Завожу в третий раз. Завелся, работает нормально. Подождал минут пять, но ехать не рискнул.................. <img src=""./images/smilies/patsak.gif"" alt="":ku:"" title=""Patsak Ku""><br><br>Вопрос:- ЧТО ПОМИРАЕТ??? Варианты. Чек не горит(вообще не работает). Самодиагностику не вариант сделать(из за того, что не горит ЧЕК) <img src=""./images/smilies/al.gif"" alt="":?"" title=""Confused""> Год постройки 1996, кузов 151, движка 1G-FE ( не БИМС)",2013-08-02 07:29:56.000,599
3,1,"
<blockquote><div>
<cite>Magik писал(а):</cite>Самодиагностику не вариант сделать(из за того, что не горит ЧЕК) <img src=""./images/smilies/al.gif"" alt="":?"" title=""Confused"">
</div></blockquote>
<br><br>а ты сделай...<br>тут все так пишут -чек не горит-зачем типа...<br>а потом -а что это за ошибки...и № всякие",2013-08-02 07:29:56.000,242
4,1,"
<span style=""font-weight: bold"">Magik</span><br>На выбор три....<span style=""font-weight: bold"">ТРИ ТЕМЫ в ФАКе</span> с твоими симптомами <img src=""./images/smilies/spiteful.gif"" alt="":x"" title=""Mad""><br><!-- l --><a class=""postlink-local"" href=""http://www.crown-club.ru/forum/viewtopic.php?f=4&amp;t=21324"">viewtopic.php?f=4&amp;t=21324</a><!-- l --><br><!-- l --><a class=""postlink-local"" href=""http://www.crown-club.ru/forum/viewtopic.php?f=4&amp;t=17797"">viewtopic.php?f=4&amp;t=17797</a><!-- l --><br><!-- l --><a class=""postlink-local"" href=""http://www.crown-club.ru/forum/viewtopic.php?f=4&amp;t=16605"">viewtopic.php?f=4&amp;t=16605</a><!-- l --><br><br><blockquote><div>
<cite>QWERTY писал(а):</cite><span style=""color: #FF0000"">ОБРАТИТЕ ВНИМАНИЕ</span> на то, что на многих двигателях проблемы схожи. Поэтому имея во владении JZ просмотрите и другие темы</div></blockquote>
<br> Если хочешь услышать мое ИМХО - <span style=""font-weight: bold""><span style=""font-size: 150%; line-height: 116%;"">""ДЛЯ НАЧАЛА ЗАМЕНИТЬ В ПРИБОРКЕ ЛАМПОЧКУ ЧЕКа""</span></span> и считать ошибки, ну, или хотя бы на диагностику съездить на сканер <img src=""./images/smilies/af.gif"" alt=""8)"" title=""Cool""><br>.....проблема в бензонасосе или его реле под капотом...как второй вариант система <span style=""font-weight: bold"">управления</span>(именно управления) зажиганием - это мне по секрету свояк сказал...сейчас он в битве экстрасенсов учавствует <img src=""./images/smilies/ae.gif"" alt="":P"" title=""Razz""><br><br>Мне вот тоже не очень удобно с телефона за рулем писать <img src=""./images/smilies/ag.gif"" alt="":lol:"" title=""Laughing"">
",2013-08-02 07:29:56.000,3
5,1,"
<blockquote><div>
<cite>YDV писал(а):</cite><blockquote><div>
<cite>Magik писал(а):</cite>Самодиагностику не вариант сделать(из за того, что не горит ЧЕК) <img src=""./images/smilies/al.gif"" alt="":?"" title=""Confused"">
</div></blockquote>
<br><br>а ты сделай...<br>тут все так пишут -чек не горит-зачем типа...<br>а потом -а что это за ошибки...и № всякие</div></blockquote>
<br><br>До меня вот не доходит.....................Для чего форум?????????? Наверное, для того, что бы завсегдатаи форума делали нам чайникам мозг <img src=""./images/smilies/aq.gif"" alt="":evil:"" title=""Evil or Very Mad""><img src=""./images/smilies/aq.gif"" alt="":evil:"" title=""Evil or Very Mad""><img src=""./images/smilies/aq.gif"" alt="":evil:"" title=""Evil or Very Mad""><br>Ну не все же электрики, механики, компьютерщики и т.д. До одних сразу доходит, другие со временем, а до других с трудом!!!!! Читал в какой то ветке отзывы о форуме............Не помню ник, но написал КЛАССНО!!!!! И много!!!!! Вот про таких как Вы и ваших советах................................ <img src=""./images/smilies/af.gif"" alt=""8)"" title=""Cool""> Проще надо быть, и люди потянутся к Вам <img src=""./images/smilies/ay.gif"" alt="":o"" title=""Surprised""><br>Вопрос актуален!!! Машина глохнет!!!!! У кого такое было, и как лечилось???? А не банальными ответами, провода, свечи,крышка трамблера, бензус и т.д. Все поменяно.",2013-08-02 07:29:56.000,599
6,1,"
<blockquote><div>
<cite>Magik писал(а):</cite>До меня вот не доходит.......</div></blockquote>
<br>значит читай еще и еще раз... как там Ульянов говорил , помнишь?<br><span style=""font-weight: bold"">воистину:</span> <span style=""text-decoration: underline"">книга - неиссякаемый источник фиги </span>:x <br><blockquote><div>
<cite>Magik писал(а):</cite>Для чего форум??????????</div></blockquote>
<br>ну уж точно не для гадания на кофейной гуще <img src=""./images/smilies/icon_exclaim.gif"" alt="":!:"" title=""Exclamation""><br>А ты прикинь, когда все это начиналось, даже литературы не было и форум был в зародыше....и ничего: сидели, разбирались, ковырялись, находили решения и никто не конючил, что мол дайте мне готовое решение. По твоей проблеме нет однозначного решения, к тому же с вводными данными в таком формате. Без обид, но был бы ты в моем городе я бы все показал (на твоем экземпляре) и рассказал, но увы, тебе придется доходить до всего самому.<br><br><blockquote><div>
<cite>Magik писал(а):</cite>Говорю же, ЧЕК НЕ ГОРИТ. Лампочку вставил.</div></blockquote>
<br><span style=""font-weight: bold""><span style=""color: #FF0000"">на диагностику съездить на сканер</span></span>...и чтобы мастер дал коды ошибок....ну да, придется отдать денежку <img src=""./images/smilies/spiteful.gif"" alt="":x"" title=""Mad""><br>Или выход другой могу предложить - разобраться и восстановить схему на эту <span style=""font-style: italic"">проклятую</span> лампочку...сможешь в схемах разобраться?",2013-08-02 07:29:56.000,3
7,1,"Да я и не обижаюсь............................ Машина стоит.................А дел за горло(как говорят Одесситы)!!!!! Лето <img src=""./images/smilies/ar.gif"" alt="":D"" title=""Very Happy""> Море рядом................... <img src=""./images/smilies/ac.gif"" alt="":("" title=""Sad"">  В понедельник поеду за сканером, и не в деньгах дело, ломаться начнет, мозг выносить, цену набивать........... <img src=""./images/smilies/aq.gif"" alt="":evil:"" title=""Evil or Very Mad"">  Со схемами , так скажем не дружу.Дружу с Кодексами <img src=""./images/smilies/ah.gif"" alt="":oops:"" title=""Embarassed"">  Выходные только начались, может кто то чё присоветует................. Проблема ведь не такая сложная, если бы его колбасило, или что то в этом роде, тогда причин много. А здесь......Ведь у кого то наверняка подобное было!!!!<br>Спасибо за понимание <img src=""./images/smilies/ay.gif"" alt="":o"" title=""Surprised"">
",2013-08-03 07:29:56.000,599
8,1,"Ну в общем, переворошил проводку, подергал за контакты, фишки, поменял лампочку..........Чек загорелся <img src=""./images/smilies/ar.gif"" alt="":D"" title=""Very Happy""><img src=""./images/smilies/ar.gif"" alt="":D"" title=""Very Happy""><img src=""./images/smilies/ar.gif"" alt="":D"" title=""Very Happy"">  Провел самодиагностику, результат НОЛЬ <img src=""./images/smilies/be.gif"" alt="":roll:"" title=""Rolling Eyes""><img src=""./images/smilies/be.gif"" alt="":roll:"" title=""Rolling Eyes""><img src=""./images/smilies/be.gif"" alt="":roll:"" title=""Rolling Eyes"">  Моргает постоянно, ошибок не выдает <img src=""./images/smilies/ai.gif"" alt="":shock:"" title=""Shocked""><img src=""./images/smilies/ai.gif"" alt="":shock:"" title=""Shocked""><img src=""./images/smilies/ai.gif"" alt="":shock:"" title=""Shocked"">
",2013-08-03 07:29:56.000,599
9,1,"
<blockquote><div>
<cite>Magik писал(а):</cite>Моргает постоянно, ошибок не выдает</div></blockquote>
<br>на заведенном проверял?",2013-08-04 07:29:56.000,3
10,1,"
<blockquote><div>
<cite>QWERTY писал(а):</cite>на заведенном проверял?</div></blockquote>
<br><br>Нет, не на заведенном. Включил зажигание, перемкнул контакты, моргает с одной частотой!!!!! Все по азбуке. Пробовал, сначалап перемкнуть, потом включить зажигание - тоже самое!!!!!!",2013-08-05 07:29:56.000,599
11,1,"
<blockquote><div>
<cite>ElektroKoT писал(а):</cite><span style=""font-weight: bold"">Magik</span><br>Топливный насос как поживает?</div></blockquote>
<br><br>Вроде нормально. Он ведь не умирает сразу...........А если и откажет(отключится), то машина какое то время наверное(несколько секунд) будет работать, троить и заглохнет.........................",2013-08-05 07:29:57.000,599
12,1,"
<blockquote><div>
<cite>Magik писал(а):</cite>Вроде нормально. Он ведь не умирает сразу...........А если и откажет(отключится), то машина какое то время наверное(несколько секунд) будет работать, троить и заглохнет.........................</div></blockquote>
<br>Бывает повсякому: просто неработает, гудит но некачает, гудит и плохо качает, заклинивает ( переплюсуешь чтобы крутнулся в обратку и опять работаен, но недолго)<br>В чем трудность его проверить? а? сними хоть шланг с обратки бака и посмотри.",2013-08-28 07:29:57.000,22
13,1,"
<span style=""font-weight: bold"">Magik</span><br>слушай , после поездки по глубоким лужам у меня была подобная ситуация ...<br>заводилось , работало , всё нормально и бывало глохла ни с того ни с чего , как будто бенз кончается <br>поменял бензонасос (хотя мой крутил ...крутил , да давление не давал ) <br>поменял ДМРВ<br>заметь всё это не помогало , по-прежнему глох ни стого ни с чего , ...<br>начал чистить по очерёдно все фишки , датчики , контакты , предохранители смотреть ...и по прежнему глох , бывает поработает минуту , бывает час , по-разному  и прекратилось всё это после того как почистил датчик температуры двигателя ...не тот что  идёт на приборку , а тот , что на комп ... вот и вся песня ... тоисть мне важно было узнать от чего так ? понятное дело , что после луж ...но надо ж было выяснить для себя какая именно хреновина  подкачала )))) заодно маленькая профилактика",2013-08-28 07:29:57.000,600
14,1,"здравствуйте подскажите в чем может быть беда - когда включаешь парковку с любой другой передачи и отпускаешь педаль тормоза двигатель теряет обороты ,а порой о вообще глохнет!gs131 двига 1ggze",2013-10-03 07:29:57.000,601
15,1,Диагностика?,2013-10-04 07:29:57.000,3
16,1,"Сразу извиняюсь если не туда пишу.<br>Весь расстроенный  <img src=""./images/smilies/ak.gif"" alt="":cry:"" title=""Crying or Very sad""> вообщем все поп порядку расскажу как дело было:<br>Стояла на улицы морозы около -25 за ночь замерз аккум, пробовал прикуривать не помогло стартер крутил но вяло, вообщем не завелась. на следующий день отбуксировали в тёплый бокс около 4-5км. Поставили отогреваться аккум на зарядку, на следующий день поставил аккум и не заводиться  <img src=""./images/smilies/ac.gif"" alt="":("" title=""Sad""> втягивающие щелкает а ДВС не прокручивает лампочки на панели тускнеют.<br><br>Помогите советом или хоть успокойте что ничего страшного а то весь расстроенный  <img src=""./images/smilies/ak.gif"" alt="":cry:"" title=""Crying or Very sad""><img src=""./images/smilies/ak.gif"" alt="":cry:"" title=""Crying or Very sad""><img src=""./images/smilies/ak.gif"" alt="":cry:"" title=""Crying or Very sad""> дело в том что заклинивал ДВС на моих глазах правда на мазе все было точно так же втягивающие щелкает а не крутит и лампочки так же тускнели...",2013-12-24 07:29:57.000,498
17,1,"
<span style=""font-weight: bold"">Alekseev</span><br>Если тупо щелкает, то стартеру пиз..ец <img src=""./images/smilies/al.gif"" alt="":?"" title=""Confused""> Но это если аккум живой, потому что очень похоже, что он дохлый.",2013-12-24 07:29:57.000,167
18,1,"Наверное прокрутить колено за болт  - из области фантастических советов?<br>Может бензина полные цилиндры, масл. щуп вытаскивали, масло нюхали?",2013-12-24 07:29:57.000,3
19,1,"
<blockquote><div>
<cite>QWERTY писал(а):</cite>Наверное прокрутить колено за болт</div></blockquote>Зачем? Двиг даже не крутится.",2013-12-24 07:29:57.000,167
514,10,Не знаю! Сегодня проверю!,2011-11-15 07:31:12.000,648
1619,36,по ходу форсы льют....,2013-02-04 07:34:27.000,391
3508,83,а чё бывает зимняя резина не шипованая?,2011-12-01 07:40:30.000,19
20,1,"А ты уверен, что не крутится? Может стартер ""козу"" словил? Это что там за сервис такой? Что с ходу не могут определить причину?... ты в нормальный сервис перекати машину <img src=""./images/smilies/spiteful.gif"" alt="":x"" title=""Mad""><br>Свечи выкручивали или .... нах надо, и так заведем <img src=""./images/smilies/af.gif"" alt=""8)"" title=""Cool"">
",2013-12-24 07:29:57.000,3
21,1,"
<blockquote><div>
<cite>QWERTY писал(а):</cite> Может стартер ""козу"" словил? </div></blockquote> именно так и было, отогнал в сервис поменяли терь все ок  <img src=""./images/smilies/ar.gif"" alt="":D"" title=""Very Happy"">
",2013-12-25 07:29:59.000,498
22,1,"
<blockquote><div>
<cite>QWERTY писал(а):</cite>А ты уверен, что не крутится? Может стартер ""козу"" словил? Это что там за сервис такой? Что с ходу не могут определить причину?... ты в нормальный сервис перекати машину <img src=""./images/smilies/spiteful.gif"" alt="":x"" title=""Mad""><br>Свечи выкручивали или .... нах надо, и так заведем <img src=""./images/smilies/af.gif"" alt=""8)"" title=""Cool"">
</div></blockquote>
<br><img src=""./images/smilies/ay.gif"" alt="":o"" title=""Surprised""><img src=""./images/smilies/ag.gif"" alt="":lol:"" title=""Laughing"">
",2013-12-25 07:29:59.000,194
23,1,"
<blockquote><div>
<cite>kotdem писал(а):</cite>Зачем?</div></blockquote>Зачем что? Зачем разбираться ЧТО ИМЕННО сдохло? Не, ну тоже вариант - сразу контрактный двиг. Хотя это полу-меры, надо сразу новую машину брать. Тогда точно. Ибо бывают в жизни варианты - контракт приедет почему-то без стартера. Переставили со старого. А потом сопли на весть форум - поменял двиг, а он ТАК ЖЕ не заводится как и старый. И сидят тут вумные дяди с выпученными глазами - как такое может быть вообще, предохранители то (пля, меня с них уже трясет <img src=""./images/smilies/ab.gif"" alt="":)"" title=""Smile"">)) ) проверены??? Через 2 недели наконец-то выясняется, что двиг то поменян (кстати зря), а вот навесное старое осталось, как будто это вообще не важно.<br>Думаю, кое-то вспомнит этот РЕАЛЬНЫЙ случай из жизни именно нашего форума.",2013-12-27 07:29:59.000,10
24,1,"Три дня назад стал обладателем Crown 1992г,2JZ.два дня покатушек,пурга...утро...под капотом немного снега,но не критично.Завожу..хрен..даже не схватывает.Лезу дергать свечи,1-2-5-6  по горло свечки масло,бассейн мать его...3-4 не стал лезть пока,снег валил,на улице дело.Выкрутил...прочистил...мозжечком подумал,мол 4 свечи почистил-должно схватить...а нет нихрена...вопрос,может такое быть при 4 свечах почищенных даже не схватывать?",2013-12-29 07:29:59.000,602
25,1,"не нужно мозжечком думать <img src=""./images/smilies/spiteful.gif"" alt="":x"" title=""Mad""><br>Бензин-то вытащил с горшков? С какого перепугу он заведется, если там бенза с миллиметр-два <img src=""./images/smilies/ab.gif"" alt="":)"" title=""Smile""><br>Искру проверил? Есть? если есть - заипиЗьЗьЗь. <img src=""./images/smilies/ab.gif"" alt="":)"" title=""Smile"">  горшки суши.",2013-12-29 07:29:59.000,3
26,1,"Я конечно извиняюсь за свой маленький мозжечок,не отдичающийся особой сообразительностью,тогда вопрос а как сушить?))просто свечи выкрутить и ждать пока выпарится?или дунуть туда компрессором?",2013-12-30 07:29:59.000,602
27,1,"
<blockquote><div>
<cite>Чумазый писал(а):</cite>тогда вопрос а как сушить?</div></blockquote>
<br>свечные отверстия накрываются тряпочкой, крутится стартер - лишнее выплевывается  <img src=""./images/smilies/ad.gif"" alt="":wink:"" title=""Wink"">
",2013-12-30 07:29:59.000,4
28,1,"
<span style=""font-weight: bold"">MarkOff</span><br>Что-то ты вообще не в тему наорал. <br><br><span style=""font-weight: bold"">Alekseev</span> говорит, что стартер щелкает, а двиг не крутит. Для чего крутить двиг за колено, мне до сих-пор не понятно. Заклинил что-ли? <br>И при чём тут предохранители? Лампочки горят, стартер щелкает - остается проверить аккум и стартер. В этом случае виновником был стартер.",2013-12-30 07:29:59.000,167
29,1,"Вынул 4 свечи,до последнего нет желания снимать впрыск,снял реле Efi(в поиске вычитал надо так сделать,предохранитель бензонасоса не нашел) покрутил..пару тройку раз,протер свечи поставил,хрен...даже не схватывает,хотя по логике должно же хоть немного чихать хоть!!!с катушки искра идет,с проводов тоже....все таки дергать впрыск все снимать?",2013-12-30 07:29:59.000,602
30,1,"Сними все свечи<br>И дай постаять часик ,два<br>Пусть выпарится<br>В прошлом году у меня так было<br>С автозапуска не завел, вышел решил покрутить, ноль эмоций<br>Открыл капот , все провода ВВ выдернуты<br>Крысы походу, что там делали <img src=""./images/smilies/ai.gif"" alt="":shock:"" title=""Shocked""><br>Бензом несло жуть,<br>Пяти минутным способом не обошлось<br>Пришлось все снимать<br>А так даже несхватывала!<br>У тебя там все залито!",2013-12-30 07:29:59.000,588
31,1,"
<blockquote><div>
<cite>Чумазый писал(а):</cite>даже не схватывает,хотя по логике должно же хоть немного чихать хоть!!!</div></blockquote>
<br>Уровень масла смотрел?<br>У тебя может настолько насыщенные пары, что не схватывает...",2013-12-30 07:30:00.000,4
3049,70,"
<span style=""font-weight: bold"">tihas</span>
<br>Пасиба",2005-11-18 07:38:45.000,9
4414,118,Не надо заниматься колхозом,2014-11-17 07:44:54.000,871
32,1,"От души ребят,все понимаю...даже вижу заезженный вопрос до нельзя,так поиском шурую вроде все понятно...только вот непонятно одно я под капотом нашел релюху EFI,выдернул ее....а еще я так понял надо искать бензонасос предохранитель?так ведь?циркут опенинг релэй(прошу прощения за эту англо-русскую хрень)...вот его как раз таки и не нашел(((искать надо?или EFI хватит????",2013-12-30 07:30:00.000,602
33,1,"
<blockquote><div>
<cite>Чумазый писал(а):</cite> еще я так понял надо искать бензонасос предохранитель</div></blockquote>
<br>релюшка на GZE ---- FUEL PUMP RELAY<br>Как на твоем - не уверен.",2013-12-30 07:30:00.000,4
34,1,"
<span style=""font-weight: bold"">Чумазый</span><br>Опишу тогда так, но все это сработает при условии исправной работы систем управления, зажигания, топливоподачи ДВС<br>есть в магазинах запчастей очень полезный девайс -баллончики со сжатым воздухом и длинной трубочкой, цена, что-то в районе 100р. Берешь пару штук, выкручиваешь свечи 1,2,5,6. Берешь проволочку сантиметров 40 длинной и подводя поршни поочередно вверх, накрываешь тряпочкой колодец и высушиваешь всю шнягу в цилиндре.<br>Вкручиваешь <span style=""font-weight: bold"">НОВЫЕ СВЕЧИ</span> (не чищенные, не прокаленные, не достатые из под куста) именно новые свечи. Одеваешь на место провода, идешь домой и наливаешь 2-3х литровую пластиковую бутылку горячей воды - градусов эдак 60-70 по цельсию <img src=""./images/smilies/spiteful.gif"" alt="":x"" title=""Mad""> .<br>Снова идешь к машине, поливаешь впускной коллектор аккуратно не попадая в развал ГБЦ, достаёшь шамаский бубен, купленный по случаю на распродаже, стуча в него обходишь машину два раза и начинаешь заводить, только педаль утопи сначала в пол хода педали.<br>Не поможет - прямая дорога в сервис. Удачи.<br><br>П.С. Оформи профиль наконец до конца <img src=""./images/smilies/icon_mrgreen.gif"" alt="":mrgreen:"" title=""Mr. Green""> . Скажи нам, где ипёшься с машиной <img src=""./images/smilies/icon_mrgreen.gif"" alt="":mrgreen:"" title=""Mr. Green"">
",2013-12-30 07:30:00.000,3
35,1,"Все завел!!!!пошел откопал гараж,тачка на склончике стояла..думаю скачу,и лебедочкой ручной затяну....думаю дай на последок помаслаю....начала схватывать,минуту с передышками помаслал и готово!!!елки палки,гора с плеч!спасибо всем!!!",2013-12-30 07:30:00.000,602
36,1,"Привет спецы,  спасайте, <br>Видео проблемы<br><a href=""http://www.youtube.com/watch?v=CaaD0rOQNiY&amp;feature=youtu.be"" class=""postlink"">http://www.youtube.com/watch?v=CaaD0rOQNiY&amp;feature=youtu.be</a><br><br>машинка начала заводится плохо на холодную, а конкретнее заводится но глохнет, второй раз нормально.<br>началось с того что один раз завёл а обороты 400-600 и машина трясётся, невышли на прогревозные обороты. прошло 40-60 секунд и они поднялись до 1100-1200 (температура -16 гдето-стояла часов 10)<br>теперь машину завожу,обороты поднимается до 1200 и сразу глохнит, второй раз заводиш всё норм. пробовал с начало промослать стартиром секунду, потом подождал при включённом зажигании, завожу, такая же тема. заводится и глохнет.(это видео как раз и записал)<br>обороты прогревочные всегда 1100-1400 даже в -35, это нормально?  <br>я рыдаю в печали!!!! <img src=""./images/smilies/ak.gif"" alt="":cry:"" title=""Crying or Very sad""><br>PS. я не шарю в машинах, да и места нет, вы скажите что к чему, поеду к мастерам и передам им ваши слова.",2014-02-07 07:30:00.000,603
37,1,"Если всегда заводится со второго раза, то я бы обратил внимание на бензонасос и фильтры топливной системы, дополнительно прочистил блок дроссельной заслонки - со снятием конечно же и датчик холостого хода.... но это дебри...<br>Не поможет - проверять компрессию, ревизия клапана ВВТи (читай его замена) и системы зажигания",2014-02-09 07:30:00.000,3
38,1,"ок понял, спасибо",2014-02-10 07:30:00.000,603
39,1,"
<blockquote><div>
<cite>Nimitz писал(а):</cite>нет, всегда на одной направляюсь</div></blockquote>
<br>Ну тогда я тебе сочувствую - у тебя появился классический УТТ. Конкретного решения проблемы никто не знает.<br>А заправляешься не на Роснефти случаем?",2014-02-12 07:30:00.000,167
40,1,"Ну почему? На 80% помогает выкинуть реле Open circuit и поставить вместо него перемычку. Правда это решение для для начавшего дохнуть насоса, и через некоторое время и оно перестанет помогать.",2014-02-12 07:30:00.000,10
41,1,"Доброго времени суток!!!<br>Вопросик по двигателю, может что подскажите.<br>Машина GS120, 86г., движка 2,0л., 1G-EU.<br>Проблема в следующем. На холодную заводится отлично..., но как только прогревается до рабочей темп. - глохнет.<br>И пока не остынет (15-20минут), - крути не крути - не схватывает даже..... <img src=""./images/smilies/ak.gif"" alt="":cry:"" title=""Crying or Very sad""><br>Куда лезть???<br>ПыСы: в поиск лазил, но ничего по этой проблеме не нашёл.... <img src=""./images/smilies/be.gif"" alt="":roll:"" title=""Rolling Eyes""><br>Заранее спасибо...",2014-02-14 07:30:01.000,111
61,2,"ОК, Лиал спасибо! У нас нашел за 5100 руб. Там снизу я смогу подлесть с ямы чтобы трубки снять от АКПП? Не помнишь как там пластиковый кожух к днищу крепится? Какие ключи прикупить для демонтажа...",2011-08-05 07:30:05.000,37
62,2,"
<span style=""font-weight: bold"">VEGa</span><br>Для того, чтобы заменить радиатор, необязательно снимать нижнюю пластиковую защиту - все можно сделать через верх.<br>Из инструментов необходимо: ключи 10-12 и пассатижи с широким хватом. все.",2011-08-05 07:30:05.000,4
4805,126,А как их регулировать?,2006-09-21 07:49:41.000,299
13853,403,еще,2011-03-01 08:25:04.000,280
9861,248,"Олег, потолок просто принес домой, поставил в ванную и мыл мягкой щеткой с мылом. Особенно грязные края, им нужно особое внимание. Мыла уходит много - на потолок - полкуска. Времени - возился часа полтар. Слишком большая площадь поверхности, и непомытых пятен оставлять нельзя - после высыхание видно. Сохнет даже в обычных условиях очень быстро.
<br><br>Я боялся что потлок будет слоиться (ткань), но оказалось зря - с ним такого не происходит. Основная тонкость в другом - нельзя давать переломную нагрузку - материал начитает ломаться и потом щелкает от небольших деформаций (у меня такое было на старом крауне - потолок имел внутренню небольшую надолмленность в правом заднем углу - и щелкал в процессе езды, вылечилось эмпирическим запихиванием куска тряпки под потолок в этом месте).
<br><br><span style=""font-weight: bold"">Собственно, рекомендую для чистки и мытья всего салона запастись 4 пачками вкусного мыла, и 2 мягкими щетками  - большой и маленькой. А также бутылкой .... ... ...  ленора. </span>Бюджет минимальный, экономия нервов и времени значительна, эффект - гарантированный.
<br><br>----------
<br><br>Публикую фото процесса сборки. 
<br><br>Собирать диван оказалось муторно (не то что на мадже  <img src=""./images/smilies/ay.gif"" alt="":o"" title=""Surprised"">  ) потому как:
<br>1. Он неразделяется на сидушку и спинку, хотя возможно что всетаки разборный. СНятию чехллов это не мешало. Вобщем, если будете разбирать, покумекайте, возможно удасться разделить.
<br>2. Много промежуточныйх креплений внутри сидушки и спинки (которые притякивают центральныйе швы чехлов) - это самый гиморройный вид креплений с точки зрения установки колечек - сложно подлезть пассатижами. Возможно имеенно в этих местах стоит использовать стяжки. Всего их где-то 20-30. В моем случае, чтобы на время установки колечка подтянуть к друг-другу обивку и каркас я использовал капровоную нитку.
<br><br>3. Диван огромный, и под него сложнее найти чистое место - а испачкать никак нельзя. И неустойчвый. Если в гараже на потолке есть крюк - вам повезло, это решение всех проблем.
<br><br><img src=""http://download.siper.ru/clean_sits_30.jpg"" alt=""Изображение""><br><img src=""http://download.siper.ru/clean_sits_31.jpg"" alt=""Изображение""><br><img src=""http://download.siper.ru/clean_sits_32.jpg"" alt=""Изображение""><br><img src=""http://download.siper.ru/clean_sits_33.jpg"" alt=""Изображение""><br><img src=""http://download.siper.ru/clean_sits_34.jpg"" alt=""Изображение""><br><img src=""http://download.siper.ru/clean_sits_35.jpg"" alt=""Изображение""><br><img src=""http://download.siper.ru/clean_sits_36.jpg"" alt=""Изображение""><br><img src=""http://download.siper.ru/clean_sits_37.jpg"" alt=""Изображение""><br><img src=""http://download.siper.ru/clean_sits_38.jpg"" alt=""Изображение""><br><img src=""http://download.siper.ru/clean_sits_39.jpg"" alt=""Изображение"">
",2009-03-15 08:05:09.000,69
42,1,"Посмотри контакты реле EFI и почитай:<br><br><span style=""font-size: 150%; line-height: 116%;"">G</span><br><a href=""http://www.crown-club.ru/forum/viewtopic.php?f=4&amp;t=6748&amp;hilit=+%D0%B7%D0%B0%D0%B2%D0%BE%D0%B4%D0%B8%D1%82%D1%81%D1%8F"" class=""postlink"">плохо заводится 1GFE</a><br><a href=""http://www.crown-club.ru/forum/viewtopic.php?f=4&amp;t=17870&amp;p=291923&amp;hilit=+%D0%B7%D0%B0%D0%B2%D0%BE%D0%B4%D0%B8%D1%82%D1%81%D1%8F#p291923"" class=""postlink"">Заводиться рывками после ночной стоянки</a><br><a href=""http://www.crown-club.ru/forum/viewtopic.php?f=4&amp;t=20589&amp;hilit=+%D0%B7%D0%B0%D0%B2%D0%BE%D0%B4%D0%B8%D1%82%D1%81%D1%8F"" class=""postlink"">Плохо заводится 1G-FE!</a><br><a href=""http://www.crown-club.ru/forum/viewtopic.php?f=4&amp;t=18729&amp;p=309362&amp;hilit=+%D0%B7%D0%B0%D0%B2%D0%BE%D0%B4%D0%B8%D1%82%D1%81%D1%8F#p309362"" class=""postlink"">1G-FE - не работает, как отрезало...</a><br><a href=""http://www.crown-club.ru/forum/viewtopic.php?f=4&amp;t=16300&amp;hilit=%D0%B7%D0%B0%D0%B2%D0%BE%D0%B4%D0%B8%D1%82%D1%81%D1%8F"" class=""postlink"">Двигатель не заводится!</a><br><a href=""http://www.crown-club.ru/forum/viewtopic.php?f=4&amp;t=22534&amp;hilit=%D0%BD%D0%B5+%D0%B7%D0%B0%D0%B2%D0%BE%D0%B4%D0%B8%D1%82%D1%81%D1%8F"" class=""postlink"">Не заводится 1G-FE после замены прокладки трамблёра.</a><br><a href=""http://www.crown-club.ru/forum/viewtopic.php?f=4&amp;t=8209&amp;hilit=+%D0%B7%D0%B0%D0%B2%D0%BE%D0%B4%D0%B8%D1%82%D1%81%D1%8F"" class=""postlink""><span style=""font-size: 200%; line-height: 116%;"">на <span style=""font-weight: bold""><span style=""color: #FF0000"">горячую </span></span>не завелся</span></a><br><a href=""http://www.crown-club.ru/forum/viewtopic.php?f=4&amp;t=9148&amp;hilit=+%D0%B7%D0%B0%D0%B2%D0%BE%D0%B4%D0%B8%D1%82%D1%81%D1%8F"" class=""postlink"">Не заводится 1G-GZE (крутит вяло, быстро садит акк).</a><br><a href=""http://www.crown-club.ru/forum/viewtopic.php?f=4&amp;t=21626&amp;hilit=+%D0%B7%D0%B0%D0%B2%D0%BE%D0%B4%D0%B8%D1%82%D1%81%D1%8F"" class=""postlink"">1G-GZEU не заводится, что делать,где копаться?</a><br><a href=""http://www.crown-club.ru/forum/viewtopic.php?f=4&amp;t=16138&amp;hilit=%D0%B7%D0%B0%D0%B2%D0%BE%D0%B4%D0%B8%D1%82%D1%81%D1%8F"" class=""postlink"">Датчик положения распредвала 1G-GZE</a><br><a href=""http://www.crown-club.ru/forum/viewtopic.php?f=4&amp;t=21324&amp;start=0&amp;hilit=%D0%B7%D0%B0%D0%B2%D0%BE%D0%B4%D0%B8%D1%82%D1%81%D1%8F"" class=""postlink"">заглохла на ходу и больше не заводится</a><br><a href=""http://www.crown-club.ru/forum/viewtopic.php?f=4&amp;t=21522&amp;hilit=%D0%B7%D0%B0%D0%B2%D0%BE%D0%B4%D0%B8%D1%82%D1%81%D1%8F"" class=""postlink"">Ребята,прошу помощи, плохо заводится</a><br><a href=""http://www.crown-club.ru/forum/viewtopic.php?f=4&amp;t=11734&amp;hilit=+%D0%B7%D0%B0%D0%B2%D0%BE%D0%B4%D0%B8%D1%82%D1%81%D1%8F"" class=""postlink"">Не работает стартер</a><br><a href=""http://www.crown-club.ru/forum/viewtopic.php?f=4&amp;t=19181&amp;hilit=+%D0%B7%D0%B0%D0%B2%D0%BE%D0%B4%D0%B8%D1%82%D1%81%D1%8F"" class=""postlink"">Не могу завести 1g-ge</a><br><a href=""http://www.crown-club.ru/forum/viewtopic.php?f=4&amp;t=15981&amp;hilit=+%D0%B7%D0%B0%D0%B2%D0%BE%D0%B4%D0%B8%D1%82%D1%81%D1%8F"" class=""postlink"">Нужны советы по 1GGZE !!!</a><br><a href=""http://www.crown-club.ru/forum/viewtopic.php?f=4&amp;t=12974&amp;hilit=+%D0%B7%D0%B0%D0%B2%D0%BE%D0%B4%D0%B8%D1%82%D1%81%D1%8F"" class=""postlink"">Двигатель 1g-eu (не заводится)</a><br><a href=""http://www.crown-club.ru/forum/viewtopic.php?f=4&amp;t=13741&amp;hilit=+%D0%B7%D0%B0%D0%B2%D0%BE%D0%B4%D0%B8%D1%82%D1%81%D1%8F"" class=""postlink"">не заводится и даже не схватывает ! помогите !</a><br><a href=""http://www.crown-club.ru/forum/viewtopic.php?f=4&amp;t=9718&amp;hilit=+%D0%B7%D0%B0%D0%B2%D0%BE%D0%B4%D0%B8%D1%82%D1%81%D1%8F"" class=""postlink"">Видимо, сломался двигатель 1G на Crown 151 1996г.в</a><br><br><br><span style=""font-size: 150%; line-height: 116%;"">JZ</span><br><a href=""http://www.crown-club.ru/forum/viewtopic.php?f=4&amp;t=15355&amp;hilit=%D0%BD%D0%B5+%D0%B7%D0%B0%D0%B2%D0%BE%D0%B4%D0%B8%D1%82%D1%81%D1%8F"" class=""postlink""><span style=""font-size: 200%; line-height: 116%;"">Плохо заводится на <span style=""font-weight: bold""><span style=""color: #FF0000"">ГОРЯЧУЮ</span></span>! На холодную все в норме.</span></a><br><br><a href=""http://www.crown-club.ru/forum/viewtopic.php?f=4&amp;t=21931&amp;p=367920&amp;hilit=+%D0%B7%D0%B0%D0%B2%D0%BE%D0%B4%D0%B8%D1%82%D1%81%D1%8F#p367920"" class=""postlink"">2JZ-FSE (D4) На холодную заводится, <span style=""font-size: 200%; line-height: 116%;"">на <span style=""font-weight: bold""><span style=""color: #FF0000"">горячую</span> </span>с 4-го раза!</span>?</a><br><a href=""http://www.crown-club.ru/forum/viewtopic.php?f=4&amp;t=13482&amp;hilit=%D0%B7%D0%B0%D0%B2%D0%BE%D0%B4%D0%B8%D1%82%D1%81%D1%8F"" class=""postlink"">Не заводится HELP</a><br><a href=""http://www.crown-club.ru/forum/viewtopic.php?f=4&amp;t=17797&amp;p=287582#p287582"" class=""postlink"">Глохнет двигатель 1JZ-GE</a><br><a href=""http://www.crown-club.ru/forum/viewtopic.php?f=4&amp;t=17998&amp;p=291340&amp;hilit=+%D0%B7%D0%B0%D0%B2%D0%BE%D0%B4%D0%B8%D1%82%D1%81%D1%8F#p291340"" class=""postlink"">1JZ GE не заводится,заливает свечи</a><br><a href=""http://www.crown-club.ru/forum/viewtopic.php?f=4&amp;t=20028&amp;hilit=+%D0%B7%D0%B0%D0%B2%D0%BE%D0%B4%D0%B8%D1%82%D1%81%D1%8F"" class=""postlink"">Проблемы с двигателем 1JZ-GE</a>
",2014-02-14 07:30:01.000,168
43,1,"Всем доброго времени суток!!!<br>Сегодня всё таки победил неисправность....<br>Дело было не в бабине...., точнее в ней, но не совсем.....<br>Залез под машину, нашёл бензонасос в районе заднего левого колеса, и когда начал очищать его от грязи, то от насоса как то очень легко отвалился минусовой проводок..... <img src=""./images/smilies/spiteful.gif"" alt="":x"" title=""Mad""> , который походу и держался на соплях....<br>Снял насос..., он оказался Бош, мадэ ин Германия, сделал ему ривизию и профилактику в виде шкурки, щётки и смазки,.... всё почистил, собрал....... И ВСЁ ЗАРАБОТАЛО..... <img src=""./images/smilies/drinks.gif"" alt="":drink:"" title=""Drinks""><br>Покатался на машине пол часика в разныз режимах, - всё ок, после чего опять отдал машину своему старшему для дальнейшего ""растерзания"".... <img src=""./images/smilies/ak.gif"" alt="":cry:"" title=""Crying or Very sad""><br><br>Если кому пригодится - каталожный номер насоса Бош 0580254049<br>Спасибо всем откликнувшимся!!!!",2014-03-05 07:30:01.000,111
44,1,"Всем доброго времени суток, помогите разобраться что не так, нет управляющего минуса с эбу (FC) на реле топливного насоса, двигатель 1g-fe, авто 90й марк 2l-te 95 года после антисвапа с 90й кресты 1g-fe 93 года, по какой-то причине блок не выдаёт сигнал, с перемычкой естественно заводится и работает. По самодиагностике ошибок нет, реле исправно, провода до реле тоже. <br>Работало ли на старой машине не известно, подскажите куда копать...",2015-02-05 07:30:01.000,604
45,1,Что такое антисвап и какой движок в результате остался под капотом?<br>Реле Cirquit opening relay в подкапотном блоке вообще есть? Живо? Или про него и разговор?,2015-02-05 07:30:01.000,10
46,1,"если блок не выдает сигнал FC, значит неправильно зацеплен МРЕЛ и иже с ним управляющие питания от замка зажигания.<br>Тут только вопросы задавать электрику, который этот антисвап запилил. <img src=""./images/smilies/icon_mrgreen.gif"" alt="":mrgreen:"" title=""Mr. Green"">
",2015-02-05 07:30:01.000,3
47,1,"
<blockquote><div>
<cite>MarkOff писал(а):</cite>Что такое антисвап и какой движок в результате остался под капотом?<br>Реле Cirquit opening relay в подкапотном блоке вообще есть? Живо? Или про него и разговор?</div></blockquote>
<br><br>Под капотом 1g-fe, антисвап это установка другого тухлого мотора чтобы хоть как-то ездить, реле под капотом нету, поселили рядом с блоком, исправное, питание есть, провода целые, нету управляющего сигнала с эбу.",2015-02-05 07:30:01.000,604
48,1,"
<blockquote><div>
<cite>QWERTY писал(а):</cite>если блок не выдает сигнал FC, значит неправильно зацеплен МРЕЛ и иже с ним управляющие питания от замка зажигания.<br>Тут только вопросы задавать , который этот антисвап запилил. <img src=""./images/smilies/icon_mrgreen.gif"" alt="":mrgreen:"" title=""Mr. Green"">
</div></blockquote>
<br><br>В том то и прикол, пилю сам <img src=""./images/smilies/ab.gif"" alt="":)"" title=""Smile""> , мрел правильно подключен (слава богу и на дизеле реле есть), B+ как надо появляется, как и питание на кхх, клапан одсорбера и кислородник, c jz и uz таких проблем не было, поэтому пока не понимаю что может быть...",2015-02-05 07:30:01.000,604
49,1,"Всем доброго времени суток!!! У меня произошла такая ситуация... Приобрел себе крону в 171 кузове  1jzfse, на машине имелся косячек в  виде вздувшейся краски на заднем крыле, я ее отдал в ремонт, крыло подварили и покрасили. При этом снимали клеммы с акб. После покраски машина не заводится... Стартер крутит, свечи заливает, чуть схватит и на этом баста.. . Я в растерянности, как понять что случилось? С чего начать? Заранее благодарю! <img src=""./images/smilies/al.gif"" alt="":?"" title=""Confused"">
",2017-04-25 07:30:01.000,605
50,1,"
<blockquote><div>
<cite>Dimas69 писал(а):</cite>С чего начать?</div></blockquote>С перевода аббревиатуры FAQ.",2017-04-25 07:30:01.000,10
63,2,"
<span style=""font-weight: bold"">Metamorf</span><br>+1. Радиатор меняется ""на ура"" через верх.",2011-08-05 07:30:05.000,198
600,12,"Насос получил, поставил, завтра отпишусь с фотками.<br>Или сегодня, если успею!",2012-02-06 07:31:24.000,13
4415,118,купи проставки  поставь приличные дицки ),2014-11-17 07:44:55.000,244
51,2,"Вот и подкрался к небольшому семейному бюджету очередной небольшой песец:<br><br><a href=""http://radikal.ru/F/s010.radikal.ru/i312/1106/28/e46f195f8120.jpg.html"" class=""postlink""><img src=""http://s010.radikal.ru/i312/1106/28/e46f195f8120t.jpg"" alt=""Изображение""></a><br><br>Даже после отличного фотоотчета Boar <a href=""http://www.crown-club.ru/forum/viewtopic.php?f=4&amp;t=20501&amp;start=0&amp;hilit=%D0%B7%D0%B0%D0%BC%D0%B5%D0%BD%D0%B0+%D0%B1%D0%B0%D1%87%D0%BA%D0%B0"" class=""postlink"">(сам отчет)</a> по замене верхнего бачка начало превалировать желание заменить радиатор в сборе. Попробовал поставить б/у с 12х краунов, но не подошло нижнее крепление бачка ( на 12х оно аналогично верхнему, а на следующих поколениях - ""чопики"" и резиновые подушки на ""телевизоре""). Да и штуцеры для подвода масла АКПП тоньше на пару миллиметров. Тогда было решено приобрести новый TY-00006-140 (для Краунов 92-95 г.в.).<br><br>На руках образовались три радиатора от разных поколений, чем и не приминул воспользоваться для фотоотчета:<br>Радиаторы не кривые - эт фотограф такой  <img src=""./images/smilies/ab.gif"" alt="":)"" title=""Smile""><br><br><span style=""font-weight: bold"">радиатор основной 12х</span><br><a href=""http://radikal.ru/F/s007.radikal.ru/i300/1106/38/d0a9ca7378e9.jpg.html"" class=""postlink""><img src=""http://s007.radikal.ru/i300/1106/38/d0a9ca7378e9t.jpg"" alt=""Изображение""></a><br><br><span style=""font-weight: bold"">радиатор основной 12х штуцеры</span><br><a href=""http://radikal.ru/F/s48.radikal.ru/i120/1106/2f/80c770a3a909.jpg.html"" class=""postlink""><img src=""http://s48.radikal.ru/i120/1106/2f/80c770a3a909t.jpg"" alt=""Изображение""></a>
",2011-06-06 07:30:04.000,4
52,2,"
<span style=""font-weight: bold"">радиатор основной 13х</span><br><a href=""http://radikal.ru/F/i020.radikal.ru/1106/a3/1b990215160e.jpg.html"" class=""postlink""><img src=""http://i020.radikal.ru/1106/a3/1b990215160et.jpg"" alt=""Изображение""></a><br><br><span style=""font-weight: bold"">радиатор основной 13х штуцеры</span><br><a href=""http://radikal.ru/F/i027.radikal.ru/1106/7c/6ca9cb05a8fa.jpg.html"" class=""postlink""><img src=""http://i027.radikal.ru/1106/7c/6ca9cb05a8fat.jpg"" alt=""Изображение""></a><br><br><span style=""font-weight: bold"">радиатор основной 14х</span><br><a href=""http://radikal.ru/F/s15.radikal.ru/i189/1106/2f/1b5bf9efb69b.jpg.html"" class=""postlink""><img src=""http://s15.radikal.ru/i189/1106/2f/1b5bf9efb69bt.jpg"" alt=""Изображение""></a><br><br><span style=""font-weight: bold"">радиатор основной 14х штуцеры</span><br><a href=""http://radikal.ru/F/s42.radikal.ru/i098/1106/e2/55965f3c04d8.jpg.html"" class=""postlink""><img src=""http://s42.radikal.ru/i098/1106/e2/55965f3c04d8t.jpg"" alt=""Изображение""></a>
",2011-06-06 07:30:04.000,4
53,2,"
<span style=""font-weight: bold"">радиаторы основные 13х и 14х</span><br><a href=""http://radikal.ru/F/i026.radikal.ru/1106/2d/86c141ccb979.jpg.html"" class=""postlink""><img src=""http://i026.radikal.ru/1106/2d/86c141ccb979t.jpg"" alt=""Изображение""></a><br><br><span style=""font-weight: bold"">радиаторы основные 13х и 14х сбоку</span><br><a href=""http://radikal.ru/F/i030.radikal.ru/1106/2d/4db23cb015a3.jpg.html"" class=""postlink""><img src=""http://i030.radikal.ru/1106/2d/4db23cb015a3t.jpg"" alt=""Изображение""></a><br><br><span style=""font-weight: bold"">установлен диффузор</span><br><a href=""http://radikal.ru/F/s53.radikal.ru/i140/1106/bd/33afd032103f.jpg.html"" class=""postlink""><img src=""http://s53.radikal.ru/i140/1106/bd/33afd032103ft.jpg"" alt=""Изображение""></a><br><br>Несоосность по верхним креплениям диффузора - примерно миллиметр, что не помешало прикрутить его  <img src=""./images/smilies/ab.gif"" alt="":)"" title=""Smile""><br><br>Цена: TY 00006-140 в Новосибирске 1850 рубликов. Томская фирма ""Бобер"" привезла в течении суток автотрейдовский радиатор за 2300 рэ. Заменил сам во дворе дома в течение часа (неторопясь).",2011-06-06 07:30:04.000,4
54,2,"Привет! Обновился новым, таким же 00006-140 радиатором.  когда снял старый, оказалось он с двумя рядами трубок, в два раза толще. Причина замены -трещина патрубка. Бачек снят, внутри пара трубок забита, налет внутри  как в водопроводном кране.<div class=""inline-attachment"">
<!-- ia2 -->.jpg<!-- ia2 -->
</div>
",2011-06-24 07:30:04.000,606
55,2,"
<blockquote class=""uncited""><div>когда снял старый, оказалось он с двумя рядами трубок, в два раза толще.</div></blockquote>
<br>Не влияет это на количество отдачи тепла ? Как ведут себя новые радиаторы, не перегревается двиг?",2011-06-25 07:30:04.000,28
56,2,"Сегодня обратил внимание на радиатор тойота ГАЙА , он аллюминивый и однорядный.  Может у меня  меняли ... . По каталогу у 141-х однорядный , может у турбовызх другой и воткнули. Морда битая и поставлен подходящий.  Ну пока работат нолвый и всё в норме.",2011-06-25 07:30:04.000,606
57,2,"С новым радиатором уже наездил больше тысячи км - полет нормальный - в пробках с кондиционером даже нет намека на перегрев.<br><blockquote><div>
<cite>Иванович писал(а):</cite>Может у меня меняли ... </div></blockquote>
<br>вполне могло такое быть.<br><span style=""font-weight: bold"">МАХХ</span> с таким же новым радиатором уже давно ездит (2JZ)",2011-06-26 07:30:04.000,4
58,2,Все понятно. Будем знать на будущее какой радиатор брать.,2011-06-26 07:30:04.000,28
59,2,"Кстати говоря на мой AUTODEPO подошли трубки радиатора АКПП от родного, одна при транспортировке открутилась и потерялась. Ничего прекрасно открутились и встали трубки от родного <img src=""./images/smilies/ab.gif"" alt="":)"" title=""Smile""><br>При установке немного пришлось проточить диффузор в районе заливной горловины, иначе он не одевался плотно и невозможно было его закрутить.",2011-08-05 07:30:04.000,607
60,2,"
<blockquote><div>
<cite>VEGa писал(а):</cite>Номерок SATовский что то в Екзисте не пробивается! В чем засада? Через Екзист кто заказывал этот радиатор?</div></blockquote>
<br>SAT и AUTODEPO не продаются через экзист.<br>SAT можно купить в новосибирске например через carreta.ru или carbonus.ru<br><!-- m --><a class=""postlink"" href=""http://www.carreta.ru/search/?code=TY0006-140&amp;catalog=&amp;exact="">http://www.carreta.ru/search/?code=TY00 ... og=&amp;exact=</a><!-- m --><br><!-- m --><a class=""postlink"" href=""http://carbonus.ru/catalog.htm?f_F11=TY0006-140&amp;bid=Y&amp;action=dofilter"">http://carbonus.ru/catalog.htm?f_F11=TY ... n=dofilter</a><!-- m --><br><br>рублей 500 - 1000 доставка еще будет.<br><br>Мне повезло найти его за 2500р на рынке в Хабаровске.",2011-08-05 07:30:04.000,607
9735,246,Греть можно феном. Без фанатизма.,2012-09-18 08:04:47.000,69
15218,437,Краснодар,2009-02-05 08:40:01.000,1400
64,2,"Так для статистики... поставил AUTODEPO потек через полмесяца сначала еле заметные следы были, сейчас уже заметно ОЖ на нем... два месяца не продержался...<br>Правда ушло всего где-то с один уровень расширительного бачка... Возможно это как то связано с термостатом (с приходом холодов стало заметно, что работает не очень хорошо). <br>Хотя возможно эти микротрещины появились при перевозке в фуре... Везли неаккуратно, но сначала после установки было нормально... Х.з. короче... <br>Думал крышка, но после запуска по мере прогрева видно как идет сброс излишков антифриза в расширительный бачек... <br><br>SAT ставил в прошлом году на форика, ездит уже больше года исправно.",2011-10-28 07:30:05.000,607
65,2,"ставил на 141 2.5 литра радиатор от 131 тоже 2.5 литра....<br>от 131 тоньше в 1.5 раза, но по креплениям и патрубкам 1-в-1<br><br>когда смотрел, выбирал, понял, что радиаторы одинаковые для одинаковых двигов вне зависимости от кузова (для 13х и 14х)",2011-10-28 07:30:05.000,199
66,2,"Поставил на свой 141 2,5 радиатор тайваньской фирмы RCL, подошел один в один, выглядит как и родной один в один, единственное отличие это отсутствие прямой площадки на верхнем бачке по которой родной треснул, надеюсь тема е..и с радиаторами б/у закрыта. На фирме сказали что он подходит для 130/140, сомневался до последнего, пока не сняли старый и не смонтировали всё на новый, так что кому надоело маяться с системой охлаждения двигла и готов расстаться с 4,5 килорублей, пишите, подскажу где разжиться.",2011-11-17 07:30:05.000,608
67,2,"Брату в Моздок на 141 ФЕ заказывал здесь <!-- m --><a class=""postlink"" href=""http://radcar.ru/crown.html"">http://radcar.ru/crown.html</a><!-- m --><br>Все подошло отично(только крепления кожуха вентилятора подпилил пару миллиметров). Доставка до Моздока ТК обошлась 450р. <img src=""./images/smilies/ab.gif"" alt="":)"" title=""Smile"">
",2011-11-18 07:30:05.000,28
68,2,"Здравствуйте, помогите советом:<br>Приобрел радиатор ""сат"" красивый такой, новый...<br>Начал ставить, датчик охлаждения, который стоит в нижней банке радиатора, слева - не влазит, датчик толще.<br>Насколько я понял этот датчик включает дополнительный маленький электровентилятор и все.<br>Вопрос - какой датчик под этот радиатор подобрать, можно ли пока без датчика кататься, в том числе и в жару например?<br>Размеры датчиков:<br>Тот, что стоял - длина 40 мм., толщина резьбы 15 мм.<br>Нужен (замер по заглушке) - длина 29 мм., толщина резьбы 13 мм.<br>Хотелось бы подобрать датчик с тем же размером, чтоб не морочится с пере пайкой клемм и т. П.<br>Заранее спасибо!",2012-05-10 07:30:05.000,609
69,2,На сегодняшний момент радиатор исправно работает.<br>Пришлось только закрыть по бокам зазоры между основным радиатором и телевизором.,2012-07-30 07:30:05.000,4
70,2,"Подниму темку, может пригодится кому.<br>Заказывал радиатор SAT TY0006-140 jn 14х кузовов, двигатель 1,2JZ<br>Продавцов был предложен ДВУХРЯДНЫЙ радиатор (дороже на 250 рублей всего!!!)<br>Его номер TY0006-140-2R",2012-08-26 07:30:05.000,610
71,2,"ссылку можно, где такое счастье продаётся?",2012-08-27 07:30:06.000,28
72,2,"Поставил себе на gs131 1g-gze SAT радиатор от 14х JZ (2500р), все трубки подошли, крышку пришлось брать с низким клапаном (старая с высоким) дифузор немного доработать пришлось - на новом радиаторе на одно или два крепления больше, пришлось немного подпилить 1 ушко, остальные совпали.",2012-08-31 07:30:06.000,611
73,2,"Люди! Михей12 чёт на связь не выходит <img src=""./images/smilies/al.gif"" alt="":?"" title=""Confused"">  Кто и где видел ДВУХРЯДНЫЕ радиаторы TY0006-140-2R . Надо купить. Подскажите.",2012-09-12 07:30:06.000,28
74,2,+1<br>Никак не могу найти двурядный SAT.,2012-10-05 07:30:06.000,112
75,2,"
<blockquote><div>
<cite>Slant_24rus писал(а):</cite>+1<br>Никак не могу найти двурядный SAT.</div></blockquote>
<br>а тебе зачем?<br>у меня однорядный исправно трудился, тоже Мка моторчик.",2012-10-05 07:30:06.000,148
90,2,"
<blockquote><div>
<cite>kocyxa писал(а):</cite>А GZE древний двигатель,на него не возят ничего.</div></blockquote>
<br>разница не в моторах - разница - в кузовах. и на 12х, 13х, 14х - радиаторы практически одинаковые. посмотри на первую страничку этой темы.<br>я себе поставил от JZS 141 если что.<br>что у вас нет магазинов контрактных запчастей? они  же и китайщину новую возят.",2013-01-09 07:30:08.000,4
91,2,"
<span style=""font-weight: bold"">Metamorf</span><br>Ладно,попробую поискать в этом направлении. Просто где-то начитался, что радиатор по двигателю искать надо.",2013-01-09 07:30:09.000,612
341,7,"
<span style=""font-weight: bold"">Евгений</span>, жалко слушать как детонирует...
<br>в выходные залил раскоксовку, поменял масло на синтетику и.... ЗАМЕНИЛ СВЕЧИ
<br>теперь не стучит, народ обращайте внимание на свечи, видимо из-за них детонировал",2006-11-07 07:30:47.000,199
11876,332,"<img src=""./images/smilies/ay.gif"" alt="":o"" title=""Surprised"">",2012-03-20 08:15:36.000,749
76,2,"
<span style=""font-weight: bold"">ZHES</span><br>если что то есть больше и толще, а я собираюсь менять свое - хочу сразу, больше, толще, длинееее!   <img src=""./images/smilies/ab.gif"" alt="":)"" title=""Smile""><br>Мой бежит, часть трубок выкушена.. Менять надо. Выбор - либо с Владика везти от узета, но я этот момент оттягиваю до последнего, т.к. ооочень не люблю этот процесс заказа получения чего то откуда то издалека... Я лучше 10 раз по городу из конца в конец пробегаю, чем поеду в ТК. Незнаю, такое вот предубеждение к покупке удаленной.<br>Для меня все что за пределами Крска, а вернее куда я не могу попасть сам - как бы где то там, где то далеко, почти как Луна:-)<br><br>Ну и вот, бегаю пока по местным контрактные смотрю, да конторки которые заменителями торгуют - толстых радиаторов нету <img src=""./images/smilies/ac.gif"" alt="":-("" title=""Sad""><br>Пока жду, выжидаю.. Может появится.",2012-10-05 07:30:06.000,112
77,2,"На гзе <a href=""http://parts.japancar.ru/jc/view/parts/P234003413.html"" class=""postlink"">брал такой</a>, толще родного, качеством доволен.",2012-10-05 07:30:06.000,374
78,2,"
<span style=""font-weight: bold"">Denis</span><br>он по коду бьется как на 17х кузов.<br>да и продавец указывает как на 17х.<br>Он точно подойдет на рамный 13х?<br>Хотя по ориентации патрубков - похож.",2012-10-11 07:30:06.000,112
79,2,"В каталоге nissens тока на 110\120 кузова. Ищем дальше <img src=""./images/smilies/ac.gif"" alt="":-("" title=""Sad""><br>Вот например код на 120 кузов с 5М, ""64702"", его аналог, - некая AVA с номером ""TO 2058"", так же есть некая Auradia с кодом ""KTO058""<br><br>AVA на 130 кузов имеет номер ""TO2480"". Но его нет в наличии на ехисте. Да и однорядный он похоже.<br>Есть некий PA10030, пр-ва Tadashi, на 130 кузова, с двигателем 1\2JZ. Н, похоже он однорядный, и его вообщем то экзист не поставляет.",2012-10-12 07:30:06.000,112
80,2,"
<blockquote><div>
<cite>Denis писал(а):</cite>На гзе <a href=""http://parts.japancar.ru/jc/view/parts/P234003413.html"" class=""postlink"">брал такой</a>, толще родного, качеством доволен.</div></blockquote>
<br>Денис, по ссылке ничего нет. Поточнее можно- какой радиатор взял потолще?<br>Я вот нашёл 2рядные в Казахстане <!-- m --><a class=""postlink"" href=""http://exist.kz/newshop/search.php?encode=YTo0OntzOjg6ImtleXdvcmRzIjtzOjEzOiJUWTAwMDYtMTQwLTJSIjtzOjE6IngiO3M6MjoiMzgiO3M6MToieSI7czoxOiI2IjtzOjE4OiJzZWFyY2hfZW5jb2RlX3RpbWUiO2k6MTM0OTI3Mzg0MDt9#"">http://exist.kz/newshop/search.php?enco ... 3Mzg0MDt9#</a><!-- m --><br>Парням с форума в Казахстане написал просьбу в помощи покупки- молчат <img src=""./images/smilies/al.gif"" alt="":?"" title=""Confused"">
",2012-10-13 07:30:06.000,28
81,2,"
<blockquote class=""uncited""><div>Я вот нашёл 2рядные в Казахстане </div></blockquote>
<br>Ага, видел, со всей паутины инета гугл тока на них ссылается.<br>Написал на почту указанную на сайте. Может вышлют <img src=""./images/smilies/ab.gif"" alt="":-)"" title=""Smile""><br>Пока сочинял письмо, узнал что оказывается Казахстан, это не в России <img src=""./images/smilies/ab.gif"" alt="":-)"" title=""Smile"">
",2012-10-13 07:30:07.000,112
82,2,"
<blockquote><div>
<cite>Slant_24rus писал(а):</cite>Пока сочинял письмо, узнал что оказывается Казахстан, это не в России </div></blockquote>
<br><img src=""./images/smilies/ay.gif"" alt="":o"" title=""Surprised""><br>я в Астане по работе бываю, так  Россия там даже рядом не стояла - цивилизация.<br>а от 7M-gte не толстый?",2012-10-13 07:30:07.000,148
83,2,"
<span style=""font-weight: bold"">ZHES</span> толстый то толстый, только возможно в связи с тем что штатно 7м-гте на крауны неставился - этот радиатор будет шире и ниже <img src=""./images/smilies/ab.gif"" alt="":-)"" title=""Smile""> Я уже прикидывал от маркообразных, супро-соареров - они все пошире и пониже. В ширину помоему разница до 100мм, в высоту около 25мм (это я так, совсем совсем на вскидку, на память).",2012-10-14 07:30:07.000,112
84,2,"
<span style=""font-weight: bold"">Slant_24rus</span>, на мой 130 гзе вагон подошел как родной, за другие 13х не скажу. <img src=""./images/smilies/ab.gif"" alt="":)"" title=""Smile""><br><span style=""font-weight: bold"">andronik</span>, TADASHI.",2012-10-15 07:30:07.000,374
85,2,"Цена на Тадаши совсем не скромная  <img src=""./images/smilies/ai.gif"" alt="":shock:"" title=""Shocked""><!-- m --><a class=""postlink"" href=""http://www.tadashi.ru/?page=rlist"">http://www.tadashi.ru/?page=rlist</a><!-- m --><br>Написал казахам сюда <!-- m --><a class=""postlink"" href=""http://www.udm.kz/index.php/getting-started"">http://www.udm.kz/index.php/getting-started</a><!-- m --> насчёт двухрядного TY0006-140-2R. Ценник у них тоже немалый- 16900 тенге",2012-10-20 07:30:07.000,28
86,2,"Ребята,а радиаторы от каких моторов можно поставить для 1G-GZE , без сильных переделок?",2013-01-08 07:30:07.000,612
87,2,"
<blockquote><div>
<cite>kocyxa писал(а):</cite>Ребята,а радиаторы от каких моторов можно поставить для 1G-GZE , без сильных переделок?</div></blockquote>
<br>не страдай херней - китай два рубля стОит (извини уж за прямоту)",2013-01-09 07:30:08.000,4
88,2,"*************<br>А гдеж  его купить? Находил в Екатеринбурге только для 1G-FE , на GZE нигде нет. Причем на FE стоит 3500р. А GZE древний двигатель,на него не возят ничего.",2013-01-09 07:30:08.000,612
89,2,от 1g-fe подойдет если авто с которого снято не моложе 1995 года,2013-01-09 07:30:08.000,218
754,14,"
<blockquote><div>
<cite>Slatkey писал(а):</cite>Да и крепить ее там такую не к чему.</div></blockquote>
<br>Под болт на колоколе - нет?",2015-10-19 07:31:44.000,4
15219,437,ну и я тож,2009-02-05 08:40:01.000,262
92,2,"От такая история приобрел я TY0006-140-2R,по просьбе одноклубника(как 2х рядный).Привезли мне его домой, смотрю в горловину,а он однорядный. Отписал о током деле, одноклубник отказался. Ну думаю лишним не будет, положил его подальше,но пылью покрыться он не успел. Тут приказал долго жить верхний бочек на145. Тут и пригодился новенький. Только при заправке антифризом удивился,что обычного количество антифриза не хватило. Стало интересно , начал рассматривать . Замеры показали ,что он толще стандартного в 2 раза. Надеюсь что летом с кондеем он себя покажет с лучшей стороны.",2013-02-03 07:30:09.000,613
93,2,"
<blockquote><div>
<cite>Metamorf писал(а):</cite>Вот и подкрался к небольшому семейному бюджету очередной небольшой песец:<br><br><a href=""http://radikal.ru/F/s010.radikal.ru/i312/1106/28/e46f195f8120.jpg.html"" class=""postlink""><img src=""http://s010.radikal.ru/i312/1106/28/e46f195f8120t.jpg"" alt=""Изображение""></a><br><br>Даже после отличного фотоотчета Boar <a href=""http://www.crown-club.ru/forum/viewtopic.php?f=4&amp;t=20501&amp;start=0&amp;hilit=%D0%B7%D0%B0%D0%BC%D0%B5%D0%BD%D0%B0+%D0%B1%D0%B0%D1%87%D0%BA%D0%B0"" class=""postlink"">(сам отчет)</a> по замене верхнего бачка начало превалировать желание заменить радиатор в сборе. Попробовал поставить б/у с 12х краунов, но не подошло нижнее крепление бачка ( на 12х оно аналогично верхнему, а на следующих поколениях - ""чопики"" и резиновые подушки на ""телевизоре""). Да и штуцеры для подвода масла АКПП тоньше на пару миллиметров. Тогда было решено приобрести новый TY-00006-140 (для Краунов 92-95 г.в.).<br><br>На руках образовались три радиатора от разных поколений, чем и не приминул воспользоваться для фотоотчета:<br>Радиаторы не кривые - эт фотограф такой  <img src=""./images/smilies/ab.gif"" alt="":)"" title=""Smile""><br><br><span style=""font-weight: bold"">радиатор основной 12х</span><br><a href=""http://radikal.ru/F/s007.radikal.ru/i300/1106/38/d0a9ca7378e9.jpg.html"" class=""postlink""><img src=""http://s007.radikal.ru/i300/1106/38/d0a9ca7378e9t.jpg"" alt=""Изображение""></a><br><br><span style=""font-weight: bold"">радиатор основной 12х штуцеры</span><br><a href=""http://radikal.ru/F/s48.radikal.ru/i120/1106/2f/80c770a3a909.jpg.html"" class=""postlink""><img src=""http://s48.radikal.ru/i120/1106/2f/80c770a3a909t.jpg"" alt=""Изображение""></a>
</div></blockquote>
<br><br><br>У меня сразу АВАСТ заорал - ВИРУС! Может заливать на другой контент?",2013-02-03 07:30:09.000,194
94,2,"ty0006-140-2r -этот партнамбер не пробивается ни в exist, ни в emex.где заказывать то?",2013-02-04 07:30:09.000,213
95,2,"
<blockquote><div>
<cite>merstoy писал(а):</cite>ty0006-140-2r -этот партнамбер не пробивается ни в exist, ни в emex.где заказывать то?</div></blockquote>
<br><br>На emex бьётся TY0006140 и цена очень даже адекват!",2013-02-04 07:30:09.000,614
96,2,"
<blockquote><div>
<cite>Kos-86 писал(а):</cite>цена очень даже адекват!</div></blockquote>
<br>Какая цена?",2013-02-05 07:30:09.000,194
97,2,"Так без 2R это же обычный, тонкий..<br>(а было бы прикольно если без 2R - это какой нить 3х рядный, а с 2R - двухрядный)  <img src=""./images/smilies/ab.gif"" alt="":)"" title=""Smile"">
",2013-02-05 07:30:09.000,112
98,2,"Отличия в ширине STD-12mm, 2R-26mm . Стоимость 2R 2600р.",2013-02-05 07:30:09.000,613
99,2,************<br><br>У меня 2 884р. без скидок и с доставкой уже.,2013-02-05 07:30:09.000,614
100,2,"В каталоге SAT нет 2R, есть только TY-00006-140, размеры радиатора с каталога, за правдивость не ручаюсь.<br><a href=""http://www.radikal.ru"" class=""postlink""><img src=""http://s004.radikal.ru/i205/1302/01/b1ec29c00203.jpg"" alt=""Изображение""></a>
",2013-02-05 07:30:09.000,614
101,2,Фото упаковки на предыдущей странице.,2013-02-05 07:30:10.000,613
102,2,"Видел, но вот каталог, смотрите сами <!-- m --><a class=""postlink"" href=""http://sklad.autotrade.su/files/file/SatRadiators.zip"">http://sklad.autotrade.su/files/file/SatRadiators.zip</a><!-- m -->
",2013-02-05 07:30:10.000,614
103,2,Вот такая разница,2013-02-05 07:30:10.000,613
104,2,значит на 13.. и 14.. радиаторы взаимозаменяемы не зависимо от двигла? У меня MS135 7M-GE  мне такой встанет TY0006-140???? <br>Просто вчера разорвало крыльчатку и пробило радиатор нах.... а в магазинах кроме него ничего не нашел.,2013-02-16 07:30:10.000,615
105,2,"
<span style=""font-weight: bold"">los-petya2009</span><br>встанет.",2013-02-17 07:30:10.000,112
106,2,Всем привет может у кого завалялась помпа на 1GGZE новая ?,2013-02-18 07:30:10.000,616
107,2,"
<span style=""font-weight: bold"">Solyaris</span><br>придерживаемся темы <img src=""./images/smilies/aq.gif"" alt="":evil:"" title=""Evil or Very Mad""><br>с помпой - в объявления.",2013-02-18 07:30:10.000,4
108,2,TERMAL 284603H	<br>Радиатор	<br>Ставил кто? Цена очень сладкая...,2013-03-08 07:30:10.000,617
109,2,"Поставил, от родного на вид почти ничем не отличается, посмотрим как себя покажет. Обошелся в 2.5т.р. с доставкой на север.",2013-03-21 07:30:10.000,617
110,2,"Так, граждане одноклубники, подскажите срочно какую пробку купить на радиатор TY-00006-140, углубление 11 мм, а у родного 17 мм, пробка соответственно не лезет, пробка не родная, померьте пожалуйста у кого какая, очень надо, машина на СТО зависла <img src=""./images/smilies/ac.gif"" alt="":("" title=""Sad"">
",2013-03-28 07:30:10.000,614
111,3,"Доброго дня.
<br>Хочется поднять немного ХХ(т.к. у меня он в пределах 500-600об/мин)
<br>Где находится регулировка холостого хода.
<br>Заранее благодарен за ответы.",2007-03-06 07:30:12.000,5
112,3,"говорят, что не регулируется ХХ на наших двигах, т.е. регулируется автоматически посредством ECU...
<br><br>кто знает ответ, тоже с удовольствием выслушаю )",2007-03-07 07:30:12.000,199
122,3,"
<span style=""font-weight: bold"">pepper510</span>
<br><br>При неработающем лямбда-зонде расход увеличивается процентов на 20-30 (сталкивался с этим на Опеле). При забитом (оплавленном) катализаторе машина плохо разгоняется (будто её за хвост держат).",2007-03-07 07:30:13.000,619
17184,502,"Обслуживал свой Краун GS131 1G-GZEU 1988 на одной из самых крупных СТО Новокузнецка <span style=""font-weight: bold"">12 Волт</span>. Из 4 ремонтов - 3 косячные.
<br>Два самых ярких:
<br>ЭПИЗОД 1:
<br>Купил Крауняжку  <img src=""./images/smilies/ar.gif"" alt="":D"" title=""Very Happy"">  с гудящим ступичным подшипником и роликом генератора и еще мелкими косяками. Отдал на СТО уже с запчастями, за работу брали 1800 р.
<br>Прихожу вечером, мне говорят 3600! Я к знакомому работнику, он мне ""парни целый день не могли снять ступичный подшипник ВДВОЕМ"" (болгарки то нет) и цена реальная. Я говорю, что заплачу, но так нормальные конторы не делают. Так они еще во время замены порвали новый сальник ступичного подшипника и бегали по городу его искали.
<br>Ставлю на выходные машину в гараж, а в понедельник надо свадьбу катать.
<br>В понедельник забираю машину из гаража и в порядке осмотра заглядываю под капот и вижу, что ремень генератора (новый) сильно подъеден роликом (это за 2 КМ пути). Мечу на СТО и там дружно отворачиваем башку болту натяжителя генератора!  <img src=""./images/smilies/ai.gif"" alt="":shock:"" title=""Shocked""> ... пипец, покатал баб на свадьбе! Оставляю машину коновалам, уезжаю с другом. Оказалось забыли подложить под ролик шайбу, когда запрессовывали - переделали, ремень новый поставили, переплату вернули.
<br><br>Эпизод 2: Услышал стук под капотом, понял что ролику натяжителя ГРМ хана. Пока ехал до гаража вдул 6.5 килооборотов на обгоне какой-то бэхи и ... тишина, разлетелось там все вдребезги, благо серию 1G не загибает. Утащил машину на СТО, купил ГРМ и мелочевку к нему. Мне выставили цену 1800 р. (заодно помпу поменяли). Потом сказали, что разбор был сложный из-за компрессора (его же не видно было) в следующий раз меньше чем за 3000 р. не возьмутся. Забираю машину, завожу двигатель, а он ТУПОЙ - еле едет и быстро греется. Давно хотел сделать диагностику, теперь пришлось. Диагност (уже на другой СТО) ковырялся 2 полных дня и показал, что ремень ГРМ установлен со сдвигом на 1 зуб. Иди говорит, покажи им как стробоскопом пользоваться и пусть переделывают, не смогут я тебе телефон нормального механика дам.
<br>Приехал, мне там типа ""он эти двигатели 10 лет ремонтирует! не может быть!"". Начали смотреть, скинули пластик, закрывающий ГРМ. Начали светить (пришлось еще принцип работы стробоскопа объяснить): опережение зажигания колеблется около нуля, отключаем на диагностическом разъеме корректировку угла опережения зажигания и ... он уходит в минус! Они мне говорят, что пластик со шкалой повернуло во время перегрева двигателя (возможно существовавшего). Я настаиваю, технически обосновываю (на весь гараж, наверное единственный с высшим техническим образованием). Вопрос: угол опережения зажигания отсчитывается от впуска, или от выпуска. Ответ: от впуска. <span style=""font-weight: bold"">От ВМТ он отсчитывается!</span> Понимаю, что технически им не объяснить, уровень не мой. Мне предлагают: разберем, если косяк, то переделаем бесплатно, если все нормально, то извини. Извини - это сколько? 3 штуки!
<br>Еду к путнему механику, он мне переделывает за нормальную цену БЕЗ СЪЕМА КОМПРЕССОРА. Как? Башкой думать надо! Вот как.
<br><br>Решил восстановить справедливость  <img src=""./images/smilies/af.gif"" alt=""8)"" title=""Cool""> : на Кузбасской ярмарке подошел к директору Сергею Кичанову. Он выслушал, сказал обратиться к Александру Дубовому, тот типа разберется и мне доложит. Вызванивал я этого перца 4 дня и вызвонил! Тот по телефону говорит ""Вы же не у нас переделывали (я же не дурак, у них переделывать!), как Вы докажете, что был косяк (стробоскопом то мы не умеем пользоваться, как нам докажешь  <img src=""./images/smilies/al.gif"" alt="":?"" title=""Confused""> ). Вы конечно можете подойти..."". В день назначенной встречи мне как оказалось надо было на похороны и я решил больше не бегать, не унижаться. Просто я на эту СТО больше не езжу.
<br>Ошибиться может любой, но с таким менеджментом не знаю какая у них репутация будет еще через 3 года.",2006-12-18 08:47:48.000,340
2092,47,"Вот подробней:<br><br><img src=""http://s020.radikal.ru/i722/1404/ea/bdbe93ec6bfd.jpg"" alt=""Изображение"">
",2014-04-03 07:35:50.000,730
113,3,"На 2JZ я регулировал ХХ датчиком положения дроссельной заслонки. Если датчик жив то при повороте по час стрелке обороты растут, против падают! Диапазон от 1000 до 500. На 7M наверное так же! Кстати мертвый датчик, ХХ не регулирует (по ходу контакты в р-не ХХ и низких оборотов умирают), когда я поставил новый то все заработало в частности упал расход бенза в городе. Для регулировки необходимо ослабить 2 винтика удерживающих датчик в заданном положении и вращать датчик!",2007-03-07 07:30:12.000,618
114,3,"TPS крутить не стоит ИМХО, нужно почистить узел дроссельной заслонки для начала.
<br><br>Регулировка не предусмотрена.",2007-03-07 07:30:12.000,9
115,3,"
<blockquote class=""uncited""><div>TPS крутить не стоит ИМХО</div></blockquote>
<br>Тогда Зачем сделаны продолговатые выемки вместо дырок под винты если датчик нерегулируемый?! Именно для регулировки ХХ. Мне этот способ сказал один оч умный моторист, кстати этим же способом проверяется жив или нет TPS! Я лично проводил эту операцию, и ничего не запоролось, одини только плюсы. Т.к. запарываться там нечему, а комп все равно слегка подправит!",2007-03-07 07:30:12.000,618
116,3,"
<span style=""font-weight: bold"">Sasha</span>
<br>Я не сказал что TPS  не регулируется, он должен регулироваться. Эго функция следить за акселератором, а не регулировать ХХ.
<br><br>Регулировать TPS для выставления ХХ это неверно ИМХО.",2007-03-07 07:30:12.000,9
117,3,"Угу, ведь холостой ход я как посмотрел как сделан? В обход дроссельной заслонки идет толстенькая черная трубка, которая приходит в Г образный канал который прикручен к впускному коллектору. На Г образном канале стоит шаговый двигатель, с таким толстеньким носиком вроде как из резины, который приоткрывает или закрывает вход с обходной трукби в коллектор... Вот таким я его увидел когда все разобрал -)
<br><br>зы: У меня холостой ход тоже 500-600 об.мин. Можно попробовать покрутить трамблер, тогда ХХ тоже изменяется, но наверное могут появился провалы в других режимах работы.",2007-03-07 07:30:12.000,112
118,3,"
<blockquote class=""uncited""><div>Можно попробовать покрутить трамблер</div></blockquote>
<br>Таким образом регулируют момент искрообразования, и только!
<br><br>Дим_Димыч 
<br>Slant_24rus 
<br>Есть ли на 7M-GE канал ХХ, который подает воздух при закрытой дроссельной заслонке (с шаговым двигателем)? Мне кажется в этом направлении надо двигаться.",2007-03-07 07:30:12.000,126
119,3,"Объясните мне  пожайлуста какие должны быть прогревочные обороты, при разных температурах, а то у меня 1400(от -10 до скольки не знаю), на других машинах такого не видел при такой же температуре( у всех в районе 1000-1100).
<br> можно даже в факи закинуть по каждому двигу.
<br><br>вот ездил на диагностику по причине высокого расхода(120 км на 27л= 20-25л/сотню), диагност сказал что у тебя лямда тупит, вполне возможно катализатор забит, а так во общем нормально. воти пытаюсь найти ответ: неужели лямда с катализатором такой расход дают или есть другие причины. про причины уже сказано в другой теме, но диагност говорит что лямда может сильно увеличить расход , до таких вот цифер , какие есть.
<br><br>может думаю от оборотов прогрева тоже зависет расход, так как я проезжаю в среднем 20 км в день, с двумя прогревами, этот лошадиный расход меня достал , машина и без того прожорливая а тут еще и перерасход",2007-03-07 07:30:12.000,169
120,3,"
<span style=""font-weight: bold"">Айдар</span> это как? Там есть канал холостого хода, на блоке с дроссельной заслонкой, перед заслонкой есть отвод ввиде толстой трубки резиновой, внешним диаметром примерно 25мм, она приходит в штуку где с помощью шагового двигателя регулируется количество воздуха поступающего по этой трубке в коллектор в обход дроссельной заслонки. А вот как сделаль чтобы обороты поднялись чуть чуть? Надо и как то воздуха чуть чуть чтобы побольше поступало, и бензина чуть чуть побольше лилось.
<br><br>А! Вообще, я тока что вспомнил. У меня на блоке дроссельной заслонки если смотреть прямо от морды машы, есть глубокий канал-отверстие, и там в глубине винт под плоскую отвертку, вот его я крутил и холостой ход изменялся. У меня он щас закручен в сторону минимального ХХ. Но, у меня дроссельная заслонка с TRC, а на краунах TRC вроде не было, может эта дырка где то в другом месте чуток, но я думаю тоже должна быть. Двигатели то одинаковые.",2007-03-07 07:30:12.000,112
121,3,"ХХ регулируется только при замкнутой перемычке E1-Te1 иначе толку нет   <img src=""./images/smilies/icon_exclaim.gif"" alt="":!:"" title=""Exclamation"">
",2007-03-07 07:30:13.000,9
901,19,"получается что надо в теплое место, и пока будет греться в это время менять свечи",2016-01-18 07:32:16.000,20
19522,626,У водителя холодней? Не наоборот?,2015-08-25 09:00:35.000,167
123,3,"Лямбда и катализатор это хорошо, но это обычный ответ механика и не всегда нужно его слушать.
<br><br>Выбъет он тебе катализатор, возмет бабки, а результата это не даст. Ему хорошо, а ты бабло и время зря выкинул.
<br><br>Прогрев 1400 это нормально, ИМХО. Причина не в этом 100%.
<br><br>Сними разъем с лямбды и обнули комп. Если лямбда ""нагло врет"" расход будет ниже. Потом расскажешь.",2007-03-07 07:30:13.000,9
124,3,Когда тепло может около нуля и 1200 может быть.,2007-03-07 07:30:13.000,12
125,3,"
<blockquote class=""uncited""><div>А вот как сделаль чтобы обороты поднялись чуть чуть? Надо и как то воздуха чуть чуть чтобы побольше поступало, и бензина чуть чуть побольше лилось. </div></blockquote>
<br>Теоретически, увеличив количество всасываемого воздуха (через канал ХХ, регулировочным винтом), блок управления должен увеличить и количество впрыскиваемого топлива, чтобы соотношение воздух-топливо равнялись стехиометрическому.",2007-03-07 07:30:13.000,126
126,3,"после  того как съездил в диагностику я снял разем с лямды и обнули комп, расход остался почти таким же , ежу у же 2 недели , разницы не ощутил, коды нормальные , на трассе  расход в норме(он и раньше был нормальным). машина прет дай бог каждому. тяга есть и на низах и верхах, заправляю 92
<br>мож думаю изза масла в впуском(из вент картера гонит), свечи(поставил обычные, про которые андрей(crown) говорил), фильтр менял недавно. или изза неоригинального масляного фильтра(у друга вроде таке было).ну и последнее это мож че с трансмиссией.",2007-03-07 07:30:13.000,169
127,3,"
<span style=""font-weight: bold"">Айдар</span>
<br>+1 нужно увеличить количество воздуха, бензин ECU сам добавит.",2007-03-07 07:30:13.000,9
128,3,"
<span style=""font-weight: bold"">pepper510</span>
<br>Нужен толковый диагност который может посмотреть время открытия форсунок замерить CO CH посмотреть показания датчиков и т.д.
<br><br>Такие люди большая редкость, и без этого ничего не сделаешь. В шараги не езди денег и времени не напасешься.",2007-03-07 07:30:13.000,9
129,3,"
<span style=""font-weight: bold"">Victor</span>
<br>дык этого еле нашел, по всему городу катался , никто тайоты не берет.
<br><br><img src=""./images/smilies/ac.gif"" alt="":("" title=""Sad""> , чесна говоря не думал что так сложно будет с диагностом, ведь тайот как грязи",2007-03-07 07:30:13.000,169
130,3,"
<span style=""font-weight: bold"">pepper510</span>
<br>Каждый будет говорить что он дока, но для начала спроси что он может кроме считать коды диагностики .....  
<br><br>Ты не один с повышеным расходом, думаю 50% и больше коллег с такими проблеммами.
<br>Я бъюсь уже несколько лет, рецепт не найден. Но и аппаратуры тоже нет, как искать  <img src=""./images/smilies/al.gif"" alt="":?"" title=""Confused"">
",2007-03-07 07:30:13.000,9
131,3,"Проблема в следующем:
<br>   -раньше не падали обороты ХХ. Т.е. я остановился, включил парковку, а обороты ХХ поползли к 1500-1600. Что бы двиг не орал нужно было либо резко долбануть ногой по педали, либо открыть капот о повернуть ДЗ  в противоположное положение рабочему ходу, тогда обороты падали до 800 +- 50.
<br>   - я, будучи ""грамотным"" автомехаником,  снял Дроссельную Заслонку, помыл её (там столько хавна было), поставил на место. Прокладка естественно порвалась =&gt; ДЗ посадил на герметик.
<br>   - сейчас обороты ХХ держатся 1000-1100, топание педали и поворот ДЗ в обратную сторону не помагают. Только если заглушить, а потом завести, тогда  ХХ 800 об\мин. А еще бывает, когда едешь иль остановишся (педаль отпущена), то обороты начинают плавать 1000-1150, с периодичностью 2-3 сек.
<br>Помогите, подскажите... можт че я натварил, когда лазил в ДЗ... <img src=""./images/smilies/al.gif"" alt="":?"" title=""Confused""> [/u]",2007-03-28 07:30:14.000,48
132,3,"Жаль что прокладочку порвал, я когда чистил БДЗ прокладку тоже порвал, но по образцу из паранита верезал сам",2007-03-29 07:30:14.000,620
133,3,"
<span style=""font-weight: bold"">PAV1</span>
<br><br>Имхо, нужно почистить тросик насколько это возможно (налить вд40 туда или). Потом там еще есть пневмодемпферчик, о нем писалось тоже.
<br>А обороты ХХ выставляются винтом и замыканием контактов. Это уже в FAQ.",2007-03-29 07:30:14.000,69
134,3,"
<span style=""font-weight: bold"">PAV1</span>
<br>Отсоедини трос акселератора от БДЗ. Проверь не клинит ли его или педаль.
<br><br>Подобный баг у меня бывает зимой когда лед намерзает под педалью газа и не дает ей вернуться обратно.",2007-03-29 07:30:14.000,9
166,3,"Покрутил... Он уже в крайнем закрученом положении... А если откручивать, то обороты повышаются. По всей видимости это комп повышает обороты... <img src=""./images/smilies/al.gif"" alt="":?"" title=""Confused"">
",2007-04-26 07:30:17.000,48
167,3,"
<span style=""font-weight: bold"">PAV1</span>
<br>Думаю подсос воздуха.",2007-04-27 07:30:17.000,9
6072,148,"
<span style=""font-weight: bold"">Dekort</span>
<br>Конечно свистну.",2006-03-16 07:52:27.000,9
19816,634,"Да,наверно мотору печки кирдык.",2016-02-06 09:01:39.000,213
135,3,"Проблема может быть и в регуляторе прогревочных оборотов т.е. в канале мимо дросельной заслонки. Если 
<br><blockquote class=""uncited""><div>и поворот ДЗ в обратную сторону не помагают.</div></blockquote>
<br>то дело скорее всего в нем. Может контакты на разъеме окислились, а может мембрана уже того, а может просто засрался до безобразия. Я когда свой чистил (обороты на XX слегка плавали - стрелка плавно колебалась +- 25 оборотов) он был ужасен. Вот фотоклапана:
<br><img src=""http://www.crown-club.ru/forum/album_page.php?pic_id=1491"" alt=""Изображение""><br>красненькая это резиновая мембрана.",2007-03-29 07:30:14.000,78
136,3,"Под дроссельную заслонку нужно вырезать прокладку из тонкого паранита, герметик там не нужен.  При установке смазать паранит с двух сторон очень тонким слоем литола или другой густой смазки для плотного прилегания при высыхании.",2007-03-29 07:30:14.000,9
137,3,"
<blockquote><div>
<cite>xZirus писал(а):</cite>Проблема может быть и в регуляторе прогревочных оборотов </div></blockquote> Я и его снимал, там тоже хавна много... А вот красненькой штучки я там не наблюдал... Что Это?",2007-03-29 07:30:14.000,48
138,3,"
<span style=""font-weight: bold"">PAV1</span> распределитель еще попробуй чучуть повертеть)",2007-03-30 07:30:14.000,375
139,3,"
<span style=""font-weight: bold"">PAV1</span>
<br><a href=""http://www.crown-club.ru/forum/album_page.php?pic_id=1491"" class=""postlink"">http://www.crown-club.ru/forum/album_page.php?pic_id=1491</a>
<br>красная штучка (на фото просматривается) - резиновый ""блин"" который работает как клапан, может под него гофна набилось и он начал пропускать в обе стороны.
<br><br>А еще могу поделится таким опытом.
<br>Недавно ради эксперимента взял и отсоединил разъем с электроклапана (ну все того самого - прогревочные обороты) все это происходило на непрогретой  и заведенной машине, т.е. обороты примерно 1500 об/мин, результат прост - по мере прогревания обороты не падали <img src=""./images/smilies/icon_exclaim.gif"" alt="":!:"" title=""Exclamation""> , ну что собственно можно было ожидать. 
<br><br>Так вот к твоей проблеме это может тоже относится - например сдох клапан или контакты неконтачат.",2007-03-30 07:30:14.000,78
140,3,"
<span style=""font-weight: bold"">xZirus</span>
<br>Если это мембрана которая стоит после шагового двигателя, то я эту фигню заказывал из япии <img src=""./images/smilies/ab.gif"" alt="":)"" title=""Smile""> Долго ждал. В итоге ничего с ее заменой не изменилось.",2007-03-30 07:30:14.000,9
141,3,"пробовал, отсоедиил контакты на прогретой машине, обороты как были 1100, так и остались... <img src=""./images/smilies/aq.gif"" alt="":evil:"" title=""Evil or Very Mad"">
",2007-03-31 07:30:15.000,48
142,3,"
<span style=""font-weight: bold"">PAV1</span>
<br>Так они и не должны были упасть, клапан ведь остался без движения, т.е. там наверное стоит моторчик который этот клапан двигает тудым-сюдым в зависимости от сигналов ны входе (упс.. поумничал немного <img src=""./images/smilies/ah.gif"" alt="":oops:"" title=""Embarassed""> ), ну так вот может этот клапан просто не может спустится ниже (или выше) по механическим причинам (гафна много) или тот самый моторчик его не двигает (сигналы не приходят или сам моторчик того).
<br>Это все мои рассуждения на практике мною не подтверждены <img src=""./images/smilies/ah.gif"" alt="":oops:"" title=""Embarassed""><br><br><span style=""font-weight: bold"">PAV1</span>
<br>А вообще я скоро планирую полезть туда, а то меня тоже мучает проблема с оборотами, только они у меня наоборот сильо падают машину аж колбасит блин и прогревочные не поднимаются до положенных 1600, а только 1400",2007-03-31 07:30:15.000,78
143,3,"1400 - max",2007-04-01 07:30:15.000,132
144,3,"Интересная штука сегодня наблюдалась:  Приехал в гараж, поставил на парковку, обороты 1100. Заглушил... завел - 1100. Заглушил и пока открывал гараж, снял клемму аккумулятора (На 2-3 мин оключил комп). А когда одел клемму и завел, то обороты взвыв до 1800 резко пустились на 900. И как это понимать <img src=""./images/smilies/al.gif"" alt="":?"" title=""Confused""> ? Ума не приложу!!!",2007-04-01 07:30:15.000,48
145,3,"
<blockquote class=""uncited""><div>А когда одел клемму и завел, то обороты взвыв до 1800 резко пустились на 900. И как это понимать </div></blockquote>
<br>Это комп сбросил настройки и начал все режимы работы движки заново прописывать.",2007-04-02 07:30:15.000,119
146,3,"
<blockquote><div>
<cite>Antoni писал(а):</cite>Это комп сбросил настройки и начал все режимы работы движки заново прописывать.</div></blockquote>
<br>Это понятно. Он и сегодня, скока ездил, на ХХ держал 800-900 об. Тока при отпущеной педали газа, когда на D-шке едеш накатом, обороты плавали 1000-1100, соотвественно и машина ехала с еле заметным ускорением и замедлением. Я так думаю, что надо комать в клапане а не в ДЗ. Или нет ? <img src=""./images/smilies/icon_question.gif"" alt="":?:"" title=""Question"">
",2007-04-02 07:30:15.000,48
168,3,"Я тоже так думаю! В общем нужно всё внимательно разобрать, вырезать прокладки под ДЗ и клапан ХХ, и не менее внимательно собрать обратно.",2007-04-27 07:30:17.000,48
24687,872,это телефон чудит ))),2014-01-21 09:28:18.000,497
147,3,"
<span style=""font-weight: bold"">PAV1</span>
<br>Понимаешь сама дросельная заслонка здесь не причем она ведь просто механическая деталюха, а вот клапана все управляются либо электрикой либо разряжением (воздух), так что копай клапан и посмотри датчик на дросельной заслонке хотя на сколько я понимаю он нужен только для угла открытия дросельной заслонки.
<br><br>А вообще мне кажется нужно отдельную <span style=""font-weight: bold"">ВЕТКУ</span> сделать по моторам 1G-GZE, описаний его работы нет <span style=""font-weight: bold"">НИГДЕ!!!!!!</span> я просто устал догадываться бл.....",2007-04-02 07:30:15.000,78
148,3,"Однако хирое двигло, носука хорошее... <img src=""./images/smilies/ay.gif"" alt="":o"" title=""Surprised""><br><br>Так и что мне делать-то?",2007-04-03 07:30:15.000,48
149,3,"
<span style=""font-weight: bold"">PAV1</span>
<br>Поставь перемычку в диаг разъем между Е1 и Те1. Если обороты ХХ упадут до нормальных 650 +-50 значит их повышает ECU и следовательно искать подсос воздуха.
<br>Если обороту останутся на прежней отметке, то попробуй в этом режиме их отрегулировать и выставить на 650. Потом снимай перемычку. 
<br><br>Жду ответа.",2007-04-05 07:30:15.000,9
150,3,"Я <a href=""http://www.crown-club.ru/forum/viewtopic.php?p=62051#62051"" class=""postlink"">тут в последнем посте</a> писал как я регулировал ХХ. 
<br>После того как уменьшил обороты - авто глохнет при включении задней скорости и вывернутом руле. Если одно из этих условий не соблюдается - просто падают на полсекунды обороты.",2007-04-05 07:30:15.000,621
151,3,"Здарова Всем!
<br>Мужики помогите пожалуста у меня Crown 1990года движок 1G-GZE
<br>Немогу понять когда холодный двигатель работает более-имение
<br>только похлапование в выхлопную но как нагрееться начинает плавать обороты или может заглохнуть , уменя было точно также то того как я заменил масло, прочистил форсунки.Но она не выежая из гаража начала опять.",2007-04-05 07:30:16.000,622
152,3,"
<span style=""font-weight: bold"">Baron</span> мож зажигание порегулировать?",2007-04-05 07:30:16.000,621
153,3,"
<span style=""font-weight: bold"">Baron</span>
<br>Похлапывания в трубу говорят о неработающем цилиндре.",2007-04-05 07:30:16.000,78
154,3,"А давно ли ты менял топливный фильтр? У маего братана такая-же хрень на Бегемоте была..... <img src=""./images/smilies/ag.gif"" alt="":lol:"" title=""Laughing""> Фильтр поменял и всё путем стало, в фильтре окуенно много хавна было... <img src=""./images/smilies/af.gif"" alt=""8)"" title=""Cool"">
",2007-04-07 07:30:16.000,48
155,3,"Victor<span style=""font-weight: bold"">, а точно перемычку надо ставить между Е1 и Те1 ? Ведь в таком положении самодиагностику делают.</span>
",2007-04-08 07:30:16.000,48
156,3,"если обороты плавают особенно во время движения, то это не правильно отрегулирован датчик положения дроссельной заслонки (коробочка черная на БДЗ), у меня такое было, на глаз отрегулировал и все нормуль стало",2007-04-09 07:30:16.000,623
157,3,"
<blockquote><div>
<cite>PAV1 писал(а):</cite>Victor<span style=""font-weight: bold"">, а точно перемычку надо ставить между Е1 и Те1 ? Ведь в таком положении самодиагностику делают.</span>
</div></blockquote>
<br>100% Почитай тему про регулировку зажигания.",2007-04-09 07:30:16.000,9
158,3,О'к На выходных попробую.,2007-04-10 07:30:16.000,48
159,3,"
<blockquote><div>
<cite>moses писал(а):</cite><span style=""font-weight: bold"">Baron</span> мож зажигание порегулировать?</div></blockquote>
<br>Врядли поможет. Ну по крайней мере мне не помогло. Там скорее всего дело в чем то другом. Имхо.",2007-04-13 07:30:16.000,624
160,3,"Так и не попробовал ставить перемычку и регулировать ХХ.  как руки до Кроуна дойдут, так отпишусь о результате...",2007-04-15 07:30:16.000,48
161,3,Поставил перемычку и обороты упали с 1200 на 1100.... Рукой поправил ДЗ и стали 1000.... Ничего не понимаю...,2007-04-16 07:30:17.000,48
162,3,"
<blockquote><div>
<cite>PAV1 писал(а):</cite>Рукой поправил ДЗ и стали 1000.</div></blockquote>
<br>Что сделал  <img src=""./images/smilies/be.gif"" alt="":roll:"" title=""Rolling Eyes""> ?
<br>Регулировочный винт на БДЗ закручивал ?",2007-04-17 07:30:17.000,9
163,3,"правильно Victor писал, надо зажигание регулировать, если с перемычкой упали обороты, значит компьютер отключил регулировку зажигания, тебе только стробоскоп нужен, на слух как на ТАЗиках не получится",2007-04-17 07:30:17.000,623
164,3,"Нет, винт не закручивал, сегодня попробую...
<br><br><br>Хотел подкрутить винт, а не смог... На ДЗ я нашел 3 винта два около той штуки, за которую тросик тянет(к ним невозможно подлезть отверткой) и один на верхней части ДЗ, спрятан под резиновой шайбой. Я просто не знаю какой крутить <img src=""./images/smilies/al.gif"" alt="":?"" title=""Confused"">  подскажите...",2007-04-21 07:30:17.000,48
165,3,"
<span style=""font-weight: bold"">PAV1</span><blockquote class=""uncited""><div>один на верхней части ДЗ, спрятан под резиновой шайбой.</div></blockquote>
<br>Это он и есть, его крутить <img src=""./images/smilies/ab.gif"" alt="":)"" title=""Smile"">
",2007-04-23 07:30:17.000,9
2183,49,"andronik, так симптомы ушли, если  проявят себя ттогда уж экспериментировать буду",2016-11-10 07:36:06.000,48
169,3,"
<span style=""font-weight: bold"">PAV1</span>
<br><blockquote class=""uncited""><div>Тока при отпущеной педали газа, когда на D-шке едеш накатом, обороты плавали 1000-1100, соотвественно и машина ехала с еле заметным ускорением и замедлением</div></blockquote>
<br>Это известный глюк, в чём причина пока никто 100% не установил. Есть версия внештатный подсос, но тогда почему он возникает не всегда, а по настроению.. и только если проехаться с горки, а вот если нажать газ на парковке и отпустить, то глюка не будет, обороты упадут до ХХ без скачков.. Может это комплексная проблема автомата и двигателя? У меня полгода назад было сбито соединение тросика автомата и спидометра в приборной панеле, на низких скоростях (0-30кмч) стрелка прыгала, т.е. как будто штеккер через зуб проскакивал. Двигатель ужасно глючил с горки обороты прыгали. Наладил разъём, стрелка перестала прыгать, глюк пропал на 90%, но иногда ещё возникает раз в месяц где то..",2007-04-28 07:30:17.000,119
170,3,"Народ, помогите если кто сталкивался. Трабл в следующем: ХХ - не 700-750, а 900-950, иногда 1000. Датчик ТПС и клапан холостого хода в норме (по сопротивлению, по книге). Заслонка по ходу заедает, т.е. возвращается в крайнее положение только ключом, когда снимешь ТПС. Обычным путем не возвращается. Че делать то? Мож причина в глюке датчика ХХ или чисто механическая (износ оси, выработка корпуса заслонки) Мотор 2JZ 1992 г. кузов JZS-143
<br><br>Буду очень благодарен за помощь советами.",2007-05-11 07:30:17.000,625
171,4,"А подскажите пожалуйста нормально ли то что после выставки болта расходомера по указанным цыфрам запах выхлопа стал более едкий движка стал более вялый!зато передачи стали включатся более мягко без ударов!цфра была 75 ну я и выставил 7,5 мм!помогите пожалуйста?",2007-07-22 07:30:20.000,6
172,4,"
<span style=""font-weight: bold"">BARALGIN</span> эт нормально!! ибо когда выставляли на заводе мотор был новым без износа цилиндро-поршневой, с новыми свечами, катализатором, японским бензом и так далее!)) попробуй порулить другими настройками типа угла опережения (очень дурная процедура на ЖЗЕ) катализатор вварить посвежее ну так дале)",2007-07-23 07:30:20.000,375
173,4,"
<span style=""font-weight: bold"">Башка</span>
<br>кстати по зажиганию!оно до упора стоит на раннее помоему так лучше",2007-07-23 07:30:20.000,6
174,4,"С датчиком зажигания такая же фигня. стоит упершись в болт, дальше только снимать и на зуб перекидывать, но сейчас угол по стробоскопу правильный поэтому не считаю нужным.. (да и пробовал в прошлом годе, толдько хуже вышло).",2007-07-23 07:30:20.000,624
175,4,Кстати датчик я перенастроил просто по запаху чтобы дым был не едкий!РАСХОД ЗАМЕТНО УПАЛ ЛИТРА НА ДВА НА ТРИ!!!,2007-07-25 07:30:20.000,6
176,4,"1. 75 означает 17.5мм имхо, а не 7.5 (ведь это слишком мало). Другое дело, что натяжение пружины в MAF уже не то что было 18 лет назад, поэтому эти цифры не актальны имхо.
<br><br>2. Ранне зажигание не вызывает ли подтраивание на ХХ ? У меня появляется. Хотя расход (на ХХ по крайней мере) падает судя по компьютерным замерам.
<br><br>Возможно окажется полезным:
<br><blockquote class=""uncited""><div>Проверка: Корректируем работу MAF.<br>смотрим цифры возле винта - 75, прибавляем к ним 100, получаем 17,5 мм. именно на столько вкручиваем винт - <br>от шляпки до верхушки.<br>после этого натягиваем пружину в среднее положение, ориентируясь на сигнал Vf1 = 2,2 в - не забывая при <br>необходимости прогреть лямбду перед измерением...<br>после этого, в большинстве случаев, все должно быть нормально...<br>но не в моем случае... копаем дальше<br>MAF представляет собой переменный резистор... и резисторы на + и -.<br>резистор на + корректирует сигнал ХХ - его не трогаем.<br>а резистор на - корректирует сигнал при больших расходах воздуха. Вот его и смотрим...<br>в разрыв минусового провода на MAF ( 3 ) ставим переменный резистор 20 ом - не совсем корректно, но для <br>проверки сгодится ( т.к. этот провод является минусом и датчика температуры воздуха, ИМХО можно пренебречь)<br>и убеждаемся, что от величины этого сопротивления СИЛЬНО зависит тяга ( не забываем каждый раз сбросить ECU )<br>в моем случае хватило 5 ом, чтобы тяга заметно увеличилась .... конечно это пока субъективные ощущения...<br>дальнейшее покажет расход...<br>но уже сейчас заметно, что сажи в выхлопушке стало заметно меньше... и ее цвет сместился от черного к серому...<br>на 20 литрах (от лампочки до лампочки) уже проехал по городу 170 км <br>( без резистора 150 - 160 )... но это, конечно, весьма приблизительно...<br>нужно бы проверить на трассе, но пока окказии не предвидится....<br>Еще раз обращаюсь за помощью - проверьте сигнал MAFа с полностью открытой заслонкой...<br>у меня 0,384 в, но с резистором гораздо лучше...а он поднял сигнал приблизително всего-то на 0,1 вольта.... <br>
</div></blockquote>
",2007-07-30 07:30:20.000,69
